Date,Open,High,Low,Close,Volume
6/18/2026,$363.89 ,$369.00 ,$356.61 ,$367.46 ,29339120
6/17/2026,$367.05 ,$370.15 ,$360.23 ,$362.10 ,16003510
6/16/2026,$367.47 ,$373.60 ,$365.32 ,$371.10 ,16492790
6/15/2026,$365.99 ,$370.65 ,$364.65 ,$367.11 ,17268650
6/12/2026,$361.10 ,$364.77 ,$353.34 ,$358.16 ,17657660
6/11/2026,$353.05 ,$358.01 ,$343.63 ,$356.56 ,28771800
6/10/2026,$361.05 ,$366.31 ,$352.81 ,$353.32 ,19878640
6/9/2026,$364.89 ,$369.69 ,$354.72 ,$362.29 ,19873600
6/8/2026,$362.49 ,$363.38 ,$357.89 ,$361.17 ,18738970
6/5/2026,$363.38 ,$369.20 ,$361.63 ,$365.76 ,23411520
6/4/2026,$355.44 ,$369.86 ,$354.80 ,$369.27 ,37746170
6/3/2026,$358.34 ,$362.50 ,$354.38 ,$355.68 ,43031000
6/2/2026,$363.16 ,$369.79 ,$355.00 ,$358.39 ,34648620
6/1/2026,$372.58 ,$374.60 ,$369.71 ,$372.58 ,19091890
5/29/2026,$381.23 ,$381.65 ,$374.30 ,$376.43 ,48018560
5/28/2026,$383.86 ,$390.00 ,$381.25 ,$386.12 ,20795410
5/27/2026,$382.77 ,$389.73 ,$382.00 ,$384.83 ,16893150
5/26/2026,$381.00 ,$385.39 ,$379.14 ,$384.84 ,16150930
5/22/2026,$383.26 ,$384.87 ,$378.26 ,$379.38 ,13382790
5/21/2026,$382.01 ,$388.68 ,$379.48 ,$383.47 ,16837600
5/20/2026,$385.04 ,$390.70 ,$380.00 ,$384.90 ,16488130
5/19/2026,$393.30 ,$393.36 ,$383.00 ,$384.90 ,25559380
5/18/2026,$392.13 ,$404.47 ,$390.90 ,$393.11 ,18592790
5/15/2026,$393.22 ,$395.88 ,$389.76 ,$393.32 ,15801940
5/14/2026,$393.79 ,$399.10 ,$392.73 ,$397.17 ,13805370
5/13/2026,$381.91 ,$399.93 ,$381.58 ,$399.04 ,18160120
5/12/2026,$385.00 ,$386.44 ,$379.72 ,$383.82 ,17103930
5/11/2026,$390.69 ,$394.33 ,$386.23 ,$386.77 ,16314950
5/8/2026,$394.27 ,$398.37 ,$393.67 ,$397.05 ,13762460
5/7/2026,$397.06 ,$397.36 ,$390.31 ,$395.30 ,15153630
5/6/2026,$389.59 ,$396.38 ,$387.10 ,$395.14 ,23097350
5/5/2026,$381.87 ,$388.96 ,$380.35 ,$384.27 ,15432470
5/4/2026,$382.32 ,$384.18 ,$376.77 ,$379.64 ,18275040
5/1/2026,$377.98 ,$383.39 ,$375.26 ,$383.22 ,28047870
4/30/2026,$371.26 ,$382.63 ,$363.09 ,$381.94 ,44570520
4/29/2026,$345.48 ,$353.40 ,$342.43 ,$347.31 ,22232160
4/28/2026,$346.92 ,$349.90 ,$344.28 ,$347.50 ,18502340
4/27/2026,$343.88 ,$350.90 ,$340.81 ,$348.52 ,17443020
4/24/2026,$337.72 ,$343.69 ,$334.05 ,$342.32 ,18260860
4/23/2026,$339.58 ,$340.16 ,$335.06 ,$337.75 ,13442140
4/22/2026,$334.89 ,$338.03 ,$332.96 ,$337.73 ,12954250
4/21/2026,$335.59 ,$337.17 ,$329.63 ,$330.47 ,14623840
4/20/2026,$338.56 ,$339.16 ,$334.63 ,$335.40 ,12897270
4/17/2026,$334.43 ,$339.99 ,$333.29 ,$339.40 ,19683850
4/16/2026,$335.85 ,$337.38 ,$331.65 ,$332.77 ,13949590
4/15/2026,$330.56 ,$335.00 ,$328.66 ,$334.47 ,15104100
4/14/2026,$322.07 ,$330.64 ,$321.15 ,$330.58 ,18557480
4/13/2026,$315.42 ,$319.43 ,$313.69 ,$319.21 ,12212810
4/10/2026,$318.23 ,$319.50 ,$314.54 ,$315.72 ,11997650
4/9/2026,$313.19 ,$317.43 ,$309.47 ,$316.37 ,14606750
4/8/2026,$317.83 ,$319.39 ,$312.71 ,$314.74 ,20887530
4/7/2026,$300.14 ,$304.10 ,$295.43 ,$303.93 ,17317710
4/6/2026,$294.70 ,$298.43 ,$293.79 ,$297.66 ,10121740
4/2/2026,$288.99 ,$295.90 ,$287.57 ,$294.46 ,13433370
4/1/2026,$289.98 ,$297.99 ,$289.47 ,$294.90 ,24403550
3/31/2026,$277.54 ,$287.05 ,$276.76 ,$286.86 ,31625060
3/30/2026,$275.44 ,$276.26 ,$271.54 ,$273.14 ,22752320
3/27/2026,$277.40 ,$279.09 ,$273.48 ,$273.76 ,25703300
3/26/2026,$286.19 ,$286.52 ,$279.05 ,$280.74 ,29281210
3/25/2026,$292.15 ,$294.66 ,$287.37 ,$289.59 ,22343020
3/24/2026,$296.21 ,$297.10 ,$288.86 ,$289.20 ,27411190
3/23/2026,$300.53 ,$303.37 ,$298.03 ,$299.02 ,22204110
3/20/2026,$304.07 ,$304.37 ,$296.75 ,$298.79 ,34763530
3/19/2026,$303.21 ,$306.68 ,$301.00 ,$305.73 ,15399720
3/18/2026,$307.91 ,$310.75 ,$305.55 ,$306.30 ,13848430
3/17/2026,$304.67 ,$310.05 ,$304.35 ,$309.41 ,14423550
3/16/2026,$303.60 ,$305.57 ,$301.81 ,$304.42 ,14822050
3/13/2026,$306.66 ,$307.26 ,$299.78 ,$301.46 ,16857530
3/12/2026,$306.21 ,$308.64 ,$300.84 ,$303.21 ,15610190
3/11/2026,$306.30 ,$311.07 ,$305.84 ,$308.42 ,13376680
3/10/2026,$305.88 ,$309.15 ,$305.31 ,$306.93 ,14386420
3/9/2026,$294.14 ,$306.50 ,$293.93 ,$306.01 ,19632740
3/6/2026,$296.07 ,$300.33 ,$295.25 ,$298.30 ,17598000
3/5/2026,$303.20 ,$303.37 ,$298.07 ,$300.91 ,22643880
3/4/2026,$302.69 ,$305.46 ,$300.80 ,$303.45 ,20015600
3/3/2026,$298.42 ,$303.94 ,$296.70 ,$303.56 ,20361130
3/2/2026,$302.97 ,$308.14 ,$301.06 ,$306.36 ,21854370
2/27/2026,$303.94 ,$312.08 ,$303.59 ,$311.43 ,33389210
2/26/2026,$312.81 ,$313.00 ,$302.41 ,$307.15 ,22379980
2/25/2026,$312.12 ,$313.66 ,$309.36 ,$313.03 ,20209080
2/24/2026,$310.64 ,$312.37 ,$306.09 ,$310.92 ,15040660
2/23/2026,$319.14 ,$319.46 ,$309.99 ,$311.69 ,17641180
2/20/2026,$304.80 ,$316.76 ,$304.42 ,$314.90 ,33663140
2/19/2026,$302.52 ,$306.03 ,$300.67 ,$303.56 ,13448630
2/18/2026,$302.43 ,$305.91 ,$301.98 ,$303.94 ,15847700
2/17/2026,$300.64 ,$304.89 ,$296.90 ,$302.82 ,23750760
2/13/2026,$307.99 ,$308.89 ,$303.90 ,$306.02 ,20235950
2/12/2026,$312.35 ,$316.48 ,$308.15 ,$309.37 ,28193960
2/11/2026,$318.96 ,$321.05 ,$310.13 ,$311.33 ,24008070
2/10/2026,$320.91 ,$321.63 ,$314.66 ,$318.63 ,25281930
2/9/2026,$321.24 ,$327.74 ,$317.70 ,$324.40 ,26103260
2/6/2026,$327.35 ,$330.64 ,$320.15 ,$323.10 ,33877010
2/5/2026,$313.20 ,$332.64 ,$306.92 ,$331.33 ,51842000
2/4/2026,$343.76 ,$344.25 ,$329.37 ,$333.34 ,36991090
2/3/2026,$348.52 ,$350.15 ,$338.59 ,$340.70 ,25786530
2/2/2026,$336.55 ,$345.17 ,$336.01 ,$344.90 ,22775220
1/30/2026,$334.46 ,$340.29 ,$332.64 ,$338.53 ,21740200
1/29/2026,$340.35 ,$342.29 ,$326.72 ,$338.66 ,24548300
1/28/2026,$336.61 ,$337.63 ,$332.13 ,$336.28 ,17538480
1/27/2026,$335.63 ,$338.22 ,$333.75 ,$335.00 ,16080920
1/26/2026,$328.20 ,$336.35 ,$327.49 ,$333.59 ,18502450
1/23/2026,$332.66 ,$334.03 ,$327.97 ,$328.43 ,19110590
1/22/2026,$334.27 ,$335.21 ,$328.88 ,$330.84 ,19902110
1/21/2026,$321.10 ,$332.73 ,$319.54 ,$328.38 ,22791650
1/20/2026,$321.24 ,$328.09 ,$320.89 ,$322.16 ,27169850
1/16/2026,$334.94 ,$335.24 ,$328.17 ,$330.34 ,21868620
1/15/2026,$338.06 ,$338.13 ,$331.29 ,$333.16 ,16424860
1/14/2026,$334.99 ,$337.03 ,$331.14 ,$336.31 ,17839330
1/13/2026,$335.28 ,$341.20 ,$334.35 ,$336.43 ,24616700
1/12/2026,$326.50 ,$334.44 ,$325.51 ,$332.73 ,23893760
1/9/2026,$327.49 ,$331.48 ,$326.25 ,$329.14 ,17917730
1/8/2026,$329.27 ,$330.54 ,$321.99 ,$326.01 ,21789610
1/7/2026,$314.57 ,$326.47 ,$314.50 ,$322.43 ,24681830
1/6/2026,$317.31 ,$321.56 ,$312.34 ,$314.55 ,18989910
1/5/2026,$317.70 ,$319.25 ,$315.25 ,$317.32 ,19934020
1/2/2026,$317.59 ,$322.91 ,$310.65 ,$315.32 ,22043700
12/31/2025,$313.37 ,$315.39 ,$312.20 ,$313.80 ,10821500
12/30/2025,$313.41 ,$317.70 ,$313.25 ,$314.55 ,11052500
12/29/2025,$312.82 ,$314.97 ,$311.90 ,$314.39 ,12317690
12/26/2025,$315.92 ,$316.56 ,$313.72 ,$314.96 ,6730944
12/24/2025,$316.15 ,$316.29 ,$313.32 ,$315.67 ,6138155
12/23/2025,$311.14 ,$316.30 ,$310.75 ,$315.68 ,13961420
12/22/2025,$311.23 ,$311.70 ,$306.59 ,$311.33 ,14091370
12/19/2025,$303.27 ,$308.99 ,$302.34 ,$308.61 ,45234430
12/18/2025,$303.06 ,$305.26 ,$300.63 ,$303.75 ,21040500
12/17/2025,$309.01 ,$309.20 ,$297.45 ,$298.06 ,29120360
12/16/2025,$306.00 ,$311.85 ,$303.83 ,$307.73 ,21285170
12/15/2025,$312.63 ,$312.70 ,$305.74 ,$309.32 ,22028950
12/12/2025,$314.80 ,$316.14 ,$306.96 ,$310.52 ,21264790
12/11/2025,$321.10 ,$321.99 ,$309.88 ,$313.70 ,25912060
12/10/2025,$316.62 ,$321.87 ,$315.40 ,$321.00 ,22764500
12/9/2025,$313.10 ,$318.71 ,$312.62 ,$317.75 ,14151340
12/8/2025,$321.03 ,$321.23 ,$311.91 ,$314.45 ,22006890
12/5/2025,$320.00 ,$323.83 ,$319.98 ,$322.09 ,15719850
12/4/2025,$323.05 ,$323.10 ,$315.59 ,$318.39 ,20831600
12/3/2025,$316.03 ,$322.04 ,$314.28 ,$320.62 ,32285100
12/2/2025,$316.90 ,$318.60 ,$314.22 ,$316.02 ,24668180
12/1/2025,$317.48 ,$319.63 ,$313.98 ,$315.12 ,28520590
11/28/2025,$323.43 ,$326.88 ,$316.94 ,$320.12 ,19695810
11/26/2025,$320.78 ,$324.99 ,$317.20 ,$320.28 ,29839580
11/25/2025,$326.80 ,$328.67 ,$317.82 ,$323.64 ,50899310
11/24/2025,$311.01 ,$319.80 ,$309.40 ,$318.47 ,55311840
11/21/2025,$296.87 ,$303.96 ,$294.36 ,$299.65 ,43670590
11/20/2025,$304.74 ,$306.89 ,$289.17 ,$289.98 ,34801370
11/19/2025,$287.69 ,$304.25 ,$287.67 ,$292.99 ,43123600
11/18/2025,$288.49 ,$289.44 ,$279.01 ,$284.96 ,29702230
11/17/2025,$286.40 ,$294.52 ,$284.23 ,$285.60 ,34286090
11/14/2025,$271.90 ,$279.15 ,$271.41 ,$276.98 ,18330490
11/13/2025,$282.99 ,$283.51 ,$278.00 ,$279.12 ,18060220
11/12/2025,$292.09 ,$292.36 ,$284.38 ,$287.43 ,16998820
11/11/2025,$288.20 ,$292.34 ,$287.88 ,$291.74 ,14156730
11/10/2025,$285.27 ,$291.46 ,$283.54 ,$290.59 ,19508190
11/7/2025,$284.21 ,$284.50 ,$275.74 ,$279.70 ,21991130
11/6/2025,$285.74 ,$288.81 ,$281.62 ,$285.34 ,23103780
11/5/2025,$279.38 ,$286.70 ,$277.88 ,$284.75 ,20063220
11/4/2025,$277.07 ,$281.83 ,$276.87 ,$278.06 ,18123710
11/3/2025,$282.42 ,$285.94 ,$280.37 ,$284.12 ,19691750
10/31/2025,$283.21 ,$286.29 ,$277.52 ,$281.82 ,29932810
10/30/2025,$291.72 ,$291.93 ,$280.45 ,$281.90 ,48570030
10/29/2025,$268.61 ,$275.97 ,$268.43 ,$275.17 ,26287850
10/28/2025,$270.20 ,$271.38 ,$267.17 ,$268.43 ,20101160
10/27/2025,$265.36 ,$270.80 ,$264.94 ,$269.93 ,22987660
10/24/2025,$257.30 ,$262.51 ,$256.10 ,$260.51 ,18405970
10/23/2025,$253.70 ,$255.86 ,$252.77 ,$253.73 ,13241320
10/22/2025,$255.01 ,$257.18 ,$250.45 ,$252.53 ,19650240
10/21/2025,$255.25 ,$255.38 ,$244.67 ,$251.34 ,27836430
10/20/2025,$255.23 ,$257.88 ,$254.60 ,$257.02 ,13726830
10/17/2025,$251.35 ,$254.88 ,$248.59 ,$253.79 ,17653830
10/16/2025,$252.47 ,$257.58 ,$250.67 ,$251.88 ,18945990
10/15/2025,$248.09 ,$252.76 ,$246.79 ,$251.71 ,16048090
10/14/2025,$241.76 ,$248.03 ,$241.18 ,$246.19 ,17705370
10/13/2025,$241.03 ,$244.99 ,$240.75 ,$244.64 ,12464970
10/10/2025,$242.16 ,$244.84 ,$236.69 ,$237.49 ,22449080
10/9/2025,$245.06 ,$245.56 ,$239.68 ,$242.21 ,19375720
10/8/2025,$246.20 ,$247.26 ,$245.09 ,$245.46 ,14136490
10/7/2025,$248.93 ,$251.55 ,$246.81 ,$247.13 ,13811170
10/6/2025,$245.78 ,$252.20 ,$245.69 ,$251.51 ,18309030
10/3/2025,$245.23 ,$247.12 ,$242.47 ,$246.45 ,19941380
10/2/2025,$245.64 ,$247.64 ,$243.11 ,$246.43 ,20657520
10/1/2025,$241.18 ,$247.15 ,$239.20 ,$245.54 ,23967660
9/30/2025,$243.06 ,$243.68 ,$239.57 ,$243.55 ,22541190
9/29/2025,$248.28 ,$251.65 ,$243.20 ,$244.36 ,23157250
9/26/2025,$247.79 ,$250.12 ,$246.64 ,$247.18 ,16594610
9/25/2025,$244.84 ,$247.32 ,$241.65 ,$246.57 ,17379790
9/24/2025,$252.15 ,$252.96 ,$247.22 ,$247.83 ,16958510
9/23/2025,$253.66 ,$254.77 ,$251.09 ,$252.34 ,17521090
9/22/2025,$254.78 ,$256.31 ,$250.81 ,$252.88 ,20078980
9/19/2025,$253.40 ,$256.70 ,$252.07 ,$255.24 ,41616840
9/18/2025,$251.86 ,$254.14 ,$250.11 ,$252.33 ,21166360
9/17/2025,$251.46 ,$251.95 ,$246.58 ,$249.85 ,20491320
9/16/2025,$252.33 ,$253.23 ,$249.72 ,$251.42 ,24493510
9/15/2025,$245.14 ,$252.75 ,$244.98 ,$251.76 ,29935150
9/12/2025,$240.80 ,$242.42 ,$238.50 ,$241.38 ,14536590
9/11/2025,$240.14 ,$242.57 ,$236.58 ,$240.78 ,21308610
9/10/2025,$239.25 ,$242.08 ,$238.11 ,$239.56 ,19990140
9/9/2025,$234.19 ,$240.59 ,$233.38 ,$239.94 ,22854790
9/8/2025,$235.79 ,$238.40 ,$233.73 ,$234.16 ,23128800
9/5/2025,$232.66 ,$236.13 ,$232.38 ,$235.17 ,26127740
9/4/2025,$230.16 ,$232.77 ,$226.76 ,$232.66 ,32196010
9/3/2025,$226.48 ,$231.80 ,$225.12 ,$231.10 ,72250270
9/2/2025,$208.99 ,$212.37 ,$206.96 ,$211.99 ,28900070
8/29/2025,$211.27 ,$215.34 ,$210.97 ,$213.53 ,24682220
8/28/2025,$207.84 ,$212.90 ,$207.60 ,$212.37 ,20915710
8/27/2025,$206.46 ,$209.57 ,$206.39 ,$208.21 ,15248980
8/26/2025,$208.37 ,$208.46 ,$206.45 ,$207.95 ,23050970
8/25/2025,$207.00 ,$211.09 ,$205.95 ,$209.16 ,22788810
8/22/2025,$203.96 ,$209.23 ,$202.13 ,$206.72 ,25723730
8/21/2025,$200.72 ,$203.36 ,$200.40 ,$200.62 ,11768910
8/20/2025,$201.68 ,$202.17 ,$197.46 ,$200.19 ,13971690
8/19/2025,$203.91 ,$204.29 ,$200.93 ,$202.49 ,13476580
8/18/2025,$205.07 ,$206.14 ,$203.41 ,$204.29 ,13000160
8/15/2025,$204.72 ,$207.33 ,$202.09 ,$204.91 ,21111380
8/14/2025,$202.56 ,$205.42 ,$202.32 ,$203.82 ,17777150
8/13/2025,$204.98 ,$205.43 ,$198.64 ,$203.03 ,19573040
8/12/2025,$202.10 ,$205.13 ,$201.40 ,$204.16 ,19872000
8/11/2025,$201.56 ,$202.16 ,$199.80 ,$201.63 ,16690240
8/8/2025,$197.98 ,$203.43 ,$197.90 ,$202.09 ,24379910
8/7/2025,$197.71 ,$198.37 ,$195.22 ,$197.28 ,14660550
8/6/2025,$195.25 ,$197.38 ,$194.47 ,$196.92 ,15383680
8/5/2025,$195.55 ,$198.70 ,$194.68 ,$195.32 ,19010150
8/4/2025,$191.18 ,$196.08 ,$190.92 ,$195.75 ,23385950
8/1/2025,$189.78 ,$191.62 ,$188.70 ,$189.95 ,21236710
7/31/2025,$196.60 ,$196.83 ,$192.08 ,$192.86 ,27852020
7/30/2025,$196.30 ,$198.48 ,$195.56 ,$197.44 ,21150520
7/29/2025,$193.30 ,$196.66 ,$192.99 ,$196.43 ,31891600
7/28/2025,$194.41 ,$194.82 ,$191.86 ,$193.42 ,25553550
7/25/2025,$192.93 ,$195.28 ,$192.13 ,$194.08 ,31101850
7/24/2025,$198.11 ,$198.97 ,$191.95 ,$193.20 ,45252060
7/23/2025,$192.36 ,$193.36 ,$190.18 ,$191.51 ,34068130
7/22/2025,$192.42 ,$193.36 ,$188.50 ,$192.11 ,26212910
7/21/2025,$187.10 ,$191.26 ,$187.05 ,$191.15 ,24664990
7/18/2025,$186.62 ,$187.36 ,$184.73 ,$185.94 ,21033400
7/17/2025,$183.12 ,$185.19 ,$181.50 ,$184.70 ,21654370
7/16/2025,$184.32 ,$185.34 ,$183.08 ,$183.77 ,21152560
7/15/2025,$183.94 ,$185.41 ,$182.39 ,$183.10 ,23911570
7/14/2025,$182.07 ,$184.73 ,$180.71 ,$182.81 ,20990350
7/11/2025,$177.91 ,$182.61 ,$177.54 ,$181.31 ,23975710
7/10/2025,$176.67 ,$179.59 ,$175.74 ,$178.70 ,24693710
7/9/2025,$176.11 ,$180.28 ,$173.88 ,$177.66 ,31288040
7/8/2025,$178.78 ,$178.79 ,$173.92 ,$175.16 ,24108640
7/7/2025,$180.14 ,$180.34 ,$176.64 ,$177.56 ,20991360
7/3/2025,$179.82 ,$180.77 ,$178.19 ,$180.55 ,13287390
7/2/2025,$176.55 ,$179.94 ,$176.09 ,$179.76 ,19325860
7/1/2025,$176.81 ,$177.22 ,$174.66 ,$176.91 ,25778460
6/30/2025,$180.79 ,$181.58 ,$175.50 ,$177.39 ,43964600
6/27/2025,$174.63 ,$178.84 ,$172.71 ,$178.27 ,74053110
6/26/2025,$173.39 ,$174.65 ,$170.86 ,$174.43 ,25909120
6/25/2025,$168.65 ,$173.36 ,$168.56 ,$171.49 ,23627360
6/24/2025,$167.69 ,$169.25 ,$166.91 ,$167.74 ,27310270
6/23/2025,$167.32 ,$168.48 ,$163.33 ,$166.01 ,36975590
6/20/2025,$174.87 ,$175.37 ,$166.27 ,$167.73 ,55402580
6/18/2025,$177.28 ,$177.82 ,$172.84 ,$173.98 ,32531760
6/17/2025,$177.00 ,$178.72 ,$175.94 ,$177.23 ,17656120
6/16/2025,$175.91 ,$178.25 ,$175.82 ,$177.94 ,18132530
6/13/2025,$173.58 ,$178.34 ,$173.57 ,$175.88 ,20873240
6/12/2025,$177.48 ,$178.13 ,$176.11 ,$176.97 ,17345920
6/11/2025,$181.23 ,$181.75 ,$178.00 ,$178.79 ,18994400
6/10/2025,$177.76 ,$182.45 ,$176.48 ,$180.01 ,32908000
6/9/2025,$175.87 ,$177.92 ,$175.66 ,$177.63 ,18817590
6/6/2025,$172.30 ,$175.83 ,$172.30 ,$174.92 ,22258120
6/5/2025,$171.62 ,$172.36 ,$169.35 ,$169.81 ,25422880
6/4/2025,$168.28 ,$169.58 ,$167.80 ,$169.39 ,18508740
6/3/2025,$168.87 ,$169.80 ,$166.68 ,$167.71 ,25386710
6/2/2025,$169.01 ,$171.06 ,$168.65 ,$170.37 ,24742880
5/30/2025,$172.41 ,$173.44 ,$168.53 ,$172.85 ,36258250
5/29/2025,$175.00 ,$175.40 ,$171.78 ,$172.96 ,21233590
5/28/2025,$173.98 ,$176.48 ,$173.01 ,$173.38 ,25999230
5/27/2025,$171.30 ,$174.29 ,$171.21 ,$173.98 ,24341330
5/23/2025,$170.28 ,$171.21 ,$169.26 ,$169.59 ,24963650
5/22/2025,$173.35 ,$178.13 ,$171.88 ,$171.98 ,45024080
5/21/2025,$164.95 ,$174.53 ,$164.89 ,$170.06 ,45567580
5/20/2025,$167.76 ,$169.68 ,$164.26 ,$165.32 ,33563270
5/19/2025,$165.72 ,$167.95 ,$165.42 ,$167.87 ,21374690
5/16/2025,$168.93 ,$170.65 ,$166.95 ,$167.43 ,36271380
5/15/2025,$167.14 ,$167.51 ,$163.84 ,$165.40 ,22717550
5/14/2025,$161.31 ,$168.34 ,$160.93 ,$166.81 ,31769210
5/13/2025,$159.92 ,$162.06 ,$157.58 ,$160.89 ,24944270
5/12/2025,$159.10 ,$160.44 ,$157.89 ,$159.58 ,31884900
5/9/2025,$155.55 ,$156.43 ,$153.83 ,$154.38 ,22871040
5/8/2025,$155.92 ,$157.41 ,$154.10 ,$155.75 ,38387510
5/7/2025,$166.07 ,$166.99 ,$149.49 ,$152.80 ,78900430
5/6/2025,$163.96 ,$166.74 ,$163.13 ,$165.20 ,10691950
5/5/2025,$164.52 ,$167.10 ,$164.47 ,$166.05 ,15309340
5/2/2025,$164.96 ,$166.70 ,$163.66 ,$165.81 ,16844940
5/1/2025,$162.52 ,$163.94 ,$160.93 ,$162.79 ,21904290
4/30/2025,$159.86 ,$161.37 ,$157.16 ,$160.89 ,20639520
4/29/2025,$162.05 ,$162.68 ,$159.39 ,$162.06 ,15955220
4/28/2025,$164.26 ,$164.95 ,$160.38 ,$162.42 ,20871150
4/25/2025,$167.10 ,$168.24 ,$163.00 ,$163.85 ,35148050
4/24/2025,$158.53 ,$161.71 ,$158.09 ,$161.47 ,30787480
4/23/2025,$157.91 ,$160.02 ,$156.35 ,$157.72 ,18575740
4/22/2025,$151.07 ,$154.61 ,$150.87 ,$153.90 ,15910330
4/21/2025,$150.97 ,$151.06 ,$148.40 ,$149.86 ,16147780
4/17/2025,$156.61 ,$157.07 ,$150.90 ,$153.36 ,19513410
4/16/2025,$155.47 ,$158.18 ,$153.91 ,$155.50 ,16921500
4/15/2025,$161.57 ,$162.05 ,$157.65 ,$158.68 ,15690780
4/14/2025,$162.31 ,$164.03 ,$159.92 ,$161.47 ,18255930
4/11/2025,$155.59 ,$159.86 ,$155.59 ,$159.40 ,22581990
4/10/2025,$158.76 ,$160.03 ,$152.20 ,$155.37 ,35270540
4/9/2025,$146.33 ,$161.87 ,$145.81 ,$161.06 ,46479540
4/8/2025,$153.58 ,$154.44 ,$145.21 ,$146.58 ,35304390
4/7/2025,$143.39 ,$154.93 ,$142.66 ,$149.24 ,47823020
4/4/2025,$149.90 ,$153.09 ,$147.54 ,$147.74 ,39832210
4/3/2025,$152.84 ,$154.69 ,$152.18 ,$152.63 ,28416070
4/2/2025,$156.96 ,$160.28 ,$156.53 ,$158.86 ,17113320
4/1/2025,$155.30 ,$160.08 ,$155.26 ,$158.88 ,20111380
3/31/2025,$154.81 ,$157.13 ,$152.21 ,$156.23 ,33591550
3/28/2025,$162.36 ,$163.81 ,$155.34 ,$156.06 ,34866460
3/27/2025,$166.71 ,$167.44 ,$163.85 ,$164.08 ,21571170
3/26/2025,$171.30 ,$171.94 ,$166.86 ,$167.14 ,22554240
3/25/2025,$171.18 ,$172.91 ,$170.55 ,$172.79 ,13841590
3/24/2025,$169.27 ,$170.50 ,$167.44 ,$169.93 ,18742850
3/21/2025,$163.38 ,$166.47 ,$163.03 ,$166.25 ,29882060
3/20/2025,$163.83 ,$167.03 ,$163.14 ,$165.05 ,19981510
3/19/2025,$163.92 ,$168.13 ,$163.05 ,$166.28 ,24955720
3/18/2025,$165.96 ,$166.44 ,$158.80 ,$162.67 ,24616780
3/17/2025,$167.33 ,$168.46 ,$165.81 ,$166.57 ,17839140
3/14/2025,$165.32 ,$168.25 ,$164.51 ,$167.62 ,18611090
3/13/2025,$167.98 ,$168.12 ,$164.07 ,$164.73 ,15206170
3/12/2025,$168.47 ,$169.53 ,$165.48 ,$169.00 ,19880060
3/11/2025,$166.68 ,$168.66 ,$163.24 ,$165.98 ,23705900
3/10/2025,$170.16 ,$170.45 ,$165.57 ,$167.81 ,28990720
3/7/2025,$173.24 ,$176.90 ,$172.25 ,$175.75 ,16395290
3/6/2025,$172.55 ,$176.73 ,$172.51 ,$174.21 ,19082400
3/5/2025,$172.32 ,$175.75 ,$170.93 ,$174.99 ,18848040
3/4/2025,$167.94 ,$175.17 ,$167.54 ,$172.61 ,30711410
3/3/2025,$173.73 ,$175.00 ,$167.64 ,$168.66 ,24121990
2/28/2025,$170.30 ,$172.50 ,$168.39 ,$172.22 ,30049810
2/27/2025,$175.94 ,$176.59 ,$169.75 ,$170.21 ,25930530
2/26/2025,$176.95 ,$178.08 ,$173.59 ,$174.70 ,23693250
2/25/2025,$180.16 ,$180.76 ,$176.77 ,$177.37 ,20832490
2/24/2025,$183.80 ,$185.09 ,$180.88 ,$181.19 ,18734010
2/21/2025,$187.29 ,$187.47 ,$181.13 ,$181.58 ,19520780
2/20/2025,$186.50 ,$187.12 ,$184.60 ,$186.64 ,12063810
2/19/2025,$186.19 ,$187.36 ,$185.50 ,$187.13 ,13120470
2/18/2025,$187.44 ,$187.78 ,$183.58 ,$185.80 ,19796030
2/14/2025,$186.83 ,$188.15 ,$186.11 ,$186.87 ,12714150
2/13/2025,$185.93 ,$187.99 ,$184.88 ,$187.88 ,12729330
2/12/2025,$185.23 ,$186.83 ,$183.63 ,$185.43 ,17632310
2/11/2025,$186.84 ,$188.80 ,$186.08 ,$187.07 ,13028100
2/10/2025,$189.06 ,$189.99 ,$187.61 ,$188.20 ,16606020
2/7/2025,$192.74 ,$193.02 ,$185.10 ,$187.14 ,29565720
2/6/2025,$190.99 ,$193.83 ,$190.49 ,$193.31 ,20816590
2/5/2025,$193.10 ,$194.55 ,$189.91 ,$193.30 ,43719590
2/4/2025,$204.50 ,$208.70 ,$204.26 ,$207.71 ,28285440
2/3/2025,$202.22 ,$205.22 ,$201.66 ,$202.64 ,16719470
1/31/2025,$203.72 ,$207.08 ,$203.58 ,$205.60 ,17087340
1/30/2025,$199.76 ,$203.24 ,$199.47 ,$202.63 ,14571480
1/29/2025,$197.37 ,$198.46 ,$195.19 ,$197.18 ,12287820
1/28/2025,$194.65 ,$197.23 ,$192.61 ,$197.07 ,15939160
1/27/2025,$194.19 ,$198.67 ,$192.70 ,$193.77 ,24970170
1/24/2025,$199.85 ,$202.57 ,$199.78 ,$201.90 ,12732380
1/23/2025,$199.98 ,$201.94 ,$196.82 ,$199.58 ,15170840
1/22/2025,$200.55 ,$202.12 ,$199.20 ,$200.03 ,15477380
1/21/2025,$200.51 ,$203.84 ,$199.44 ,$199.63 ,19005230
1/17/2025,$198.05 ,$198.81 ,$195.31 ,$197.55 ,22109130
1/16/2025,$195.83 ,$196.98 ,$194.30 ,$194.41 ,13449580
1/15/2025,$194.35 ,$197.80 ,$193.33 ,$196.98 ,12894880
1/14/2025,$192.50 ,$193.27 ,$189.64 ,$191.05 ,13651180
1/13/2025,$191.35 ,$192.49 ,$188.66 ,$192.29 ,13169060
1/10/2025,$195.42 ,$197.62 ,$191.60 ,$193.17 ,20753790
1/8/2025,$193.95 ,$197.64 ,$193.75 ,$195.39 ,14335340
1/7/2025,$198.27 ,$202.14 ,$195.94 ,$196.71 ,16966760
1/6/2025,$195.15 ,$199.56 ,$195.06 ,$197.96 ,19483320
1/3/2025,$192.73 ,$194.50 ,$191.35 ,$193.13 ,12874960
1/2/2025,$191.49 ,$193.20 ,$188.71 ,$190.63 ,17545160
12/31/2024,$192.45 ,$193.25 ,$189.58 ,$190.44 ,14355220
12/30/2024,$190.87 ,$193.78 ,$190.36 ,$192.69 ,12209530
12/27/2024,$196.47 ,$196.80 ,$191.97 ,$194.04 ,14692990
12/26/2024,$196.74 ,$198.16 ,$195.87 ,$197.10 ,7918434
12/24/2024,$196.17 ,$197.67 ,$195.20 ,$197.57 ,6809823
12/23/2024,$194.03 ,$196.49 ,$191.63 ,$195.99 ,15235940
12/20/2024,$187.01 ,$194.14 ,$186.37 ,$192.96 ,45319700
12/19/2024,$193.28 ,$194.60 ,$189.52 ,$189.70 ,26981200
12/18/2024,$196.83 ,$198.69 ,$189.28 ,$190.15 ,27638420
12/17/2024,$198.53 ,$202.88 ,$196.69 ,$197.12 ,24129480
12/16/2024,$194.37 ,$200.64 ,$194.11 ,$198.16 ,32248640
12/13/2024,$192.71 ,$194.34 ,$191.26 ,$191.38 ,18883220
12/12/2024,$196.30 ,$196.71 ,$193.28 ,$193.63 ,25197760
12/11/2024,$186.70 ,$196.89 ,$186.26 ,$196.71 ,41664490
12/10/2024,$184.54 ,$188.03 ,$182.67 ,$186.53 ,34317440
12/9/2024,$175.72 ,$178.04 ,$175.40 ,$177.10 ,19887790
12/6/2024,$173.88 ,$176.84 ,$173.55 ,$176.49 ,13319550
12/5/2024,$177.32 ,$177.71 ,$174.01 ,$174.31 ,16145520
12/4/2024,$172.78 ,$176.43 ,$172.75 ,$176.09 ,18239840
12/3/2024,$173.12 ,$174.32 ,$172.51 ,$173.02 ,15721480
12/2/2024,$170.32 ,$173.60 ,$170.27 ,$172.98 ,16593440
11/29/2024,$170.06 ,$170.87 ,$168.75 ,$170.49 ,9250712
11/27/2024,$170.68 ,$171.14 ,$169.67 ,$170.82 ,12433370
11/26/2024,$169.49 ,$171.50 ,$169.43 ,$170.62 ,14937480
11/25/2024,$167.99 ,$170.46 ,$167.40 ,$169.43 ,21395650
11/22/2024,$167.16 ,$168.26 ,$165.71 ,$166.57 ,24497040
11/21/2024,$175.46 ,$175.58 ,$165.31 ,$169.24 ,38839430
11/20/2024,$178.83 ,$179.11 ,$175.33 ,$177.33 ,15729810
11/19/2024,$175.24 ,$180.17 ,$175.12 ,$179.58 ,15392870
11/18/2024,$174.96 ,$176.91 ,$174.42 ,$176.80 ,18725420
11/15/2024,$175.64 ,$175.88 ,$172.75 ,$173.89 ,21708870
11/14/2024,$179.75 ,$180.45 ,$176.03 ,$177.35 ,17925760
11/13/2024,$182.15 ,$182.62 ,$180.12 ,$180.49 ,13969710
11/12/2024,$181.38 ,$184.03 ,$180.99 ,$183.32 ,14065850
11/11/2024,$180.07 ,$182.09 ,$179.99 ,$181.97 ,12503420
11/8/2024,$182.00 ,$182.35 ,$179.57 ,$179.86 ,15021550
11/7/2024,$179.11 ,$182.58 ,$178.89 ,$182.28 ,16730410
11/6/2024,$175.35 ,$178.64 ,$175.04 ,$178.33 ,27061510
11/5/2024,$170.83 ,$172.10 ,$170.37 ,$171.41 ,12518280
11/4/2024,$171.24 ,$171.92 ,$169.49 ,$170.68 ,16193990
11/1/2024,$171.54 ,$173.82 ,$170.31 ,$172.65 ,21752860
10/31/2024,$174.72 ,$178.42 ,$172.56 ,$172.69 ,32801900
10/30/2024,$182.41 ,$183.79 ,$175.75 ,$176.14 ,49698310
10/29/2024,$169.39 ,$171.86 ,$168.66 ,$171.14 ,28916110
10/28/2024,$170.59 ,$170.61 ,$165.79 ,$168.34 ,20858250
10/25/2024,$165.37 ,$167.40 ,$165.23 ,$166.99 ,14566410
10/24/2024,$164.59 ,$165.05 ,$162.77 ,$164.53 ,12764430
10/23/2024,$166.43 ,$167.60 ,$163.63 ,$164.48 ,12754280
10/22/2024,$164.70 ,$167.47 ,$164.67 ,$166.82 ,11958620
10/21/2024,$164.58 ,$166.22 ,$164.31 ,$165.80 ,11384050
10/18/2024,$164.87 ,$166.37 ,$164.75 ,$165.05 ,13091270
10/17/2024,$167.38 ,$167.93 ,$164.37 ,$164.51 ,15113360
10/16/2024,$166.03 ,$167.28 ,$165.22 ,$166.74 ,9968474
10/15/2024,$167.14 ,$169.09 ,$166.05 ,$166.90 ,14829340
10/14/2024,$164.91 ,$167.62 ,$164.78 ,$166.35 ,9981765
10/11/2024,$163.33 ,$165.27 ,$162.50 ,$164.52 ,10945970
10/10/2024,$162.11 ,$164.31 ,$161.64 ,$163.18 ,12900490
10/9/2024,$164.86 ,$166.26 ,$161.12 ,$163.06 ,19666410
10/8/2024,$165.43 ,$166.10 ,$164.31 ,$165.70 ,11723890
10/7/2024,$169.14 ,$169.90 ,$164.13 ,$164.39 ,14034720
10/4/2024,$169.34 ,$169.55 ,$166.96 ,$168.56 ,11435320
10/3/2024,$165.82 ,$167.91 ,$165.37 ,$167.21 ,11004330
10/2/2024,$167.76 ,$168.88 ,$166.25 ,$167.31 ,12744980
10/1/2024,$168.86 ,$170.44 ,$165.90 ,$168.42 ,18629510
9/30/2024,$164.78 ,$167.36 ,$164.64 ,$167.19 ,14083450
9/27/2024,$163.91 ,$166.97 ,$163.83 ,$165.29 ,13604260
9/26/2024,$165.03 ,$165.50 ,$163.50 ,$163.83 ,18234500
9/25/2024,$162.97 ,$164.22 ,$162.78 ,$162.99 ,13607890
9/24/2024,$164.25 ,$164.55 ,$162.03 ,$163.64 ,18774060
9/23/2024,$165.34 ,$166.61 ,$162.95 ,$163.07 ,15648450
9/20/2024,$164.52 ,$164.75 ,$163.18 ,$164.64 ,46362670
9/19/2024,$164.82 ,$164.99 ,$162.52 ,$163.24 ,17548190
9/18/2024,$160.85 ,$161.63 ,$159.66 ,$160.81 ,16756450
9/17/2024,$160.09 ,$161.59 ,$159.41 ,$160.28 ,12064790
9/16/2024,$158.33 ,$159.24 ,$157.61 ,$158.99 ,14157610
9/13/2024,$156.36 ,$159.28 ,$156.11 ,$158.37 ,16733910
9/12/2024,$154.81 ,$155.61 ,$153.50 ,$155.54 ,21024060
9/11/2024,$151.09 ,$152.48 ,$148.70 ,$152.15 ,18991490
9/10/2024,$151.45 ,$152.30 ,$149.54 ,$150.01 ,20401770
9/9/2024,$153.63 ,$154.64 ,$148.20 ,$149.54 ,28057750
9/6/2024,$158.69 ,$159.22 ,$151.94 ,$152.13 ,24999060
9/5/2024,$157.78 ,$161.02 ,$157.52 ,$158.60 ,14139500
9/4/2024,$158.08 ,$160.40 ,$157.44 ,$157.81 ,17410650
9/3/2024,$163.32 ,$163.38 ,$157.86 ,$158.61 ,26533110
8/30/2024,$164.22 ,$165.28 ,$163.41 ,$165.11 ,18498780
8/29/2024,$166.06 ,$167.63 ,$161.98 ,$163.40 ,17133830
8/28/2024,$166.78 ,$167.39 ,$163.28 ,$164.50 ,15208740
8/27/2024,$167.61 ,$168.25 ,$166.16 ,$166.38 ,13718160
8/26/2024,$168.16 ,$169.38 ,$166.32 ,$167.93 ,11990310
8/23/2024,$166.55 ,$167.95 ,$165.66 ,$167.43 ,14281620
8/22/2024,$169.04 ,$169.42 ,$165.03 ,$165.49 ,19123780
8/21/2024,$166.99 ,$168.64 ,$166.57 ,$167.63 ,15269550
8/20/2024,$168.74 ,$170.41 ,$168.66 ,$168.96 ,12622520
8/19/2024,$167.00 ,$168.47 ,$166.09 ,$168.40 ,13100760
8/16/2024,$163.41 ,$166.95 ,$163.08 ,$164.74 ,16853140
8/15/2024,$162.21 ,$163.52 ,$161.49 ,$163.17 ,18392450
8/14/2024,$164.21 ,$164.96 ,$159.53 ,$162.03 ,22515900
8/13/2024,$165.19 ,$166.54 ,$164.77 ,$165.93 ,12717630
8/12/2024,$166.00 ,$166.70 ,$163.55 ,$163.95 ,12434970
8/9/2024,$161.65 ,$165.52 ,$160.93 ,$165.39 ,13549230
8/8/2024,$162.34 ,$165.50 ,$162.03 ,$163.84 ,15733610
8/7/2024,$163.24 ,$164.79 ,$160.24 ,$160.75 ,19334250
8/6/2024,$160.95 ,$162.35 ,$158.13 ,$160.54 ,36146540
8/5/2024,$157.37 ,$165.94 ,$156.60 ,$160.64 ,34907820
8/2/2024,$168.19 ,$170.21 ,$166.39 ,$168.40 ,18907770
8/1/2024,$171.98 ,$175.68 ,$170.51 ,$172.45 ,17177830
7/31/2024,$174.92 ,$175.91 ,$171.72 ,$173.15 ,15650150
7/30/2024,$171.83 ,$172.95 ,$170.12 ,$171.86 ,13681420
7/29/2024,$170.50 ,$172.16 ,$169.72 ,$171.13 ,13768930
7/26/2024,$168.77 ,$169.84 ,$165.87 ,$168.68 ,25150120
7/25/2024,$174.25 ,$175.20 ,$169.05 ,$169.16 ,28967880
7/24/2024,$175.39 ,$177.95 ,$173.57 ,$174.37 ,31250680
7/23/2024,$183.84 ,$185.22 ,$183.33 ,$183.60 ,23772600
7/22/2024,$182.35 ,$184.30 ,$181.90 ,$183.35 ,16303900
7/19/2024,$180.37 ,$181.97 ,$178.86 ,$179.39 ,14485900
7/18/2024,$183.54 ,$184.05 ,$178.21 ,$179.22 ,17877200
7/17/2024,$184.68 ,$185.23 ,$181.62 ,$182.62 ,17376560
7/16/2024,$188.96 ,$190.34 ,$185.12 ,$185.50 ,12760100
7/15/2024,$186.49 ,$189.90 ,$186.49 ,$188.19 ,12186020
7/12/2024,$186.92 ,$188.69 ,$186.14 ,$186.78 ,14449110
7/11/2024,$191.34 ,$192.41 ,$186.82 ,$187.30 ,16451980
7/10/2024,$190.75 ,$193.31 ,$190.62 ,$192.66 ,12052910
7/9/2024,$191.75 ,$192.86 ,$190.23 ,$190.44 ,10224930
7/8/2024,$191.37 ,$191.68 ,$189.32 ,$190.48 ,12097610
7/5/2024,$187.32 ,$192.26 ,$187.32 ,$191.96 ,14303360
7/3/2024,$186.30 ,$187.62 ,$185.39 ,$187.39 ,7409106
7/2/2024,$183.47 ,$186.95 ,$183.06 ,$186.61 ,12555550
7/1/2024,$184.48 ,$185.34 ,$182.73 ,$184.49 ,11815860
6/28/2024,$185.72 ,$186.58 ,$183.33 ,$183.42 ,23032360
6/27/2024,$185.65 ,$187.50 ,$185.45 ,$186.86 ,13025660
6/26/2024,$184.20 ,$185.93 ,$183.99 ,$185.37 ,13375720
6/25/2024,$181.15 ,$185.75 ,$181.11 ,$185.58 ,18917730
6/24/2024,$181.28 ,$182.08 ,$180.23 ,$180.79 ,18198280
6/21/2024,$178.49 ,$182.51 ,$178.06 ,$180.26 ,59728020
6/20/2024,$176.71 ,$178.74 ,$176.46 ,$177.71 ,16753170
6/18/2024,$178.79 ,$178.91 ,$175.62 ,$176.45 ,15640260
6/17/2024,$176.98 ,$179.92 ,$176.49 ,$178.78 ,15272860
6/14/2024,$175.85 ,$178.73 ,$175.85 ,$178.37 ,12361570
6/13/2024,$177.84 ,$178.51 ,$176.66 ,$176.74 ,15956940
6/12/2024,$179.75 ,$182.08 ,$177.78 ,$179.56 ,18600420
6/11/2024,$177.72 ,$178.39 ,$175.44 ,$178.19 ,14402400
6/10/2024,$176.45 ,$178.47 ,$174.38 ,$176.63 ,17122250
6/7/2024,$178.46 ,$179.42 ,$175.79 ,$175.95 ,14716270
6/6/2024,$177.43 ,$178.71 ,$177.21 ,$178.35 ,14255820
6/5/2024,$176.54 ,$177.97 ,$175.29 ,$177.07 ,15233860
6/4/2024,$174.45 ,$175.19 ,$173.22 ,$175.13 ,14066600
6/3/2024,$173.88 ,$175.86 ,$172.45 ,$174.42 ,20742800
5/31/2024,$173.40 ,$174.42 ,$170.97 ,$173.96 ,28085150
5/30/2024,$176.69 ,$176.69 ,$173.23 ,$173.56 ,18844040
5/29/2024,$176.81 ,$178.23 ,$176.26 ,$177.40 ,15023850
5/28/2024,$175.74 ,$178.51 ,$175.68 ,$178.02 ,15655340
5/24/2024,$176.52 ,$177.30 ,$175.20 ,$176.33 ,11403560
5/23/2024,$178.78 ,$179.91 ,$174.54 ,$175.06 ,14928360
5/22/2024,$178.40 ,$178.85 ,$176.78 ,$178.00 ,16189400
5/21/2024,$178.40 ,$179.82 ,$177.31 ,$179.54 ,14706020
5/20/2024,$177.31 ,$179.95 ,$177.23 ,$178.46 ,17495120
5/17/2024,$175.55 ,$177.50 ,$174.98 ,$177.29 ,16546350
5/16/2024,$174.60 ,$176.34 ,$174.05 ,$175.43 ,17247310
5/15/2024,$172.30 ,$174.05 ,$172.03 ,$173.88 ,20958250
5/14/2024,$171.59 ,$172.78 ,$170.42 ,$171.93 ,18729460
5/13/2024,$165.85 ,$170.95 ,$165.76 ,$170.90 ,19648590
5/10/2024,$169.69 ,$171.34 ,$167.91 ,$170.29 ,18740460
5/9/2024,$171.15 ,$172.44 ,$169.93 ,$171.58 ,11937700
5/8/2024,$170.75 ,$171.91 ,$170.52 ,$171.16 ,14569860
5/7/2024,$170.12 ,$173.47 ,$170.00 ,$172.98 ,21102430
5/6/2024,$169.22 ,$169.90 ,$167.89 ,$169.83 ,15147910
5/3/2024,$169.54 ,$169.85 ,$164.98 ,$168.99 ,22767060
5/2/2024,$166.67 ,$168.53 ,$165.69 ,$168.46 ,17041120
5/1/2024,$166.18 ,$168.81 ,$164.90 ,$165.57 ,25223250
4/30/2024,$167.38 ,$169.87 ,$164.50 ,$164.64 ,29420760
4/29/2024,$170.77 ,$171.38 ,$167.06 ,$167.90 ,35914560
4/26/2024,$175.99 ,$176.42 ,$171.40 ,$173.69 ,56500790
4/25/2024,$153.36 ,$158.28 ,$152.77 ,$157.95 ,36197790
4/24/2024,$159.09 ,$161.39 ,$158.82 ,$161.10 ,19485690
4/23/2024,$158.59 ,$160.48 ,$157.97 ,$159.92 ,16115410
4/22/2024,$156.01 ,$159.19 ,$155.66 ,$157.95 ,17243870
4/19/2024,$157.75 ,$157.99 ,$153.91 ,$155.72 ,21479880
4/18/2024,$156.93 ,$158.49 ,$156.21 ,$157.46 ,14016070
4/17/2024,$157.19 ,$158.68 ,$156.14 ,$156.88 ,16237750
4/16/2024,$155.64 ,$157.23 ,$155.05 ,$156.00 ,15413200
4/15/2024,$160.28 ,$160.83 ,$156.15 ,$156.33 ,21140950
4/12/2024,$159.41 ,$161.70 ,$158.60 ,$159.19 ,16989770
4/11/2024,$158.34 ,$161.12 ,$157.93 ,$160.79 ,17841700
4/10/2024,$157.88 ,$158.16 ,$156.20 ,$157.66 ,16339170
4/9/2024,$157.35 ,$159.89 ,$156.64 ,$158.14 ,21538140
4/8/2024,$154.02 ,$156.66 ,$153.99 ,$156.14 ,16641530
4/5/2024,$151.68 ,$154.84 ,$151.08 ,$153.94 ,16297320
4/4/2024,$155.08 ,$156.18 ,$151.88 ,$151.94 ,24184840
4/3/2024,$154.92 ,$156.55 ,$154.13 ,$156.37 ,17266180
4/2/2024,$154.75 ,$155.99 ,$153.46 ,$155.87 ,17598060
4/1/2024,$151.83 ,$157.00 ,$151.65 ,$156.50 ,24469820
3/28/2024,$152.00 ,$152.67 ,$151.33 ,$152.26 ,21105630
3/27/2024,$152.15 ,$152.69 ,$150.13 ,$151.94 ,16621960
3/26/2024,$151.24 ,$153.20 ,$151.03 ,$151.70 ,19312690
3/25/2024,$150.95 ,$151.46 ,$148.80 ,$151.15 ,15114730
3/22/2024,$150.24 ,$152.56 ,$150.09 ,$151.77 ,19252930
3/21/2024,$150.32 ,$151.31 ,$148.01 ,$148.74 ,19843920
3/20/2024,$148.79 ,$149.76 ,$147.67 ,$149.68 ,17730000
3/19/2024,$148.98 ,$149.62 ,$147.01 ,$147.92 ,17748370
3/18/2024,$149.37 ,$152.93 ,$148.14 ,$148.48 ,47676690
3/15/2024,$143.41 ,$144.34 ,$141.13 ,$142.17 ,41039490
3/14/2024,$142.30 ,$144.73 ,$141.49 ,$144.34 ,36117910
3/13/2024,$140.06 ,$142.19 ,$140.01 ,$140.77 ,19637000
3/12/2024,$138.25 ,$140.28 ,$138.21 ,$139.62 ,19019700
3/11/2024,$137.07 ,$139.98 ,$137.07 ,$138.94 ,22536370
3/8/2024,$135.04 ,$138.99 ,$134.80 ,$136.29 ,26495160
3/7/2024,$133.89 ,$135.82 ,$132.66 ,$135.24 ,24107280
3/6/2024,$134.24 ,$134.74 ,$131.95 ,$132.56 ,23175200
3/5/2024,$132.74 ,$134.02 ,$131.55 ,$133.78 ,28447550
3/4/2024,$136.54 ,$136.63 ,$132.86 ,$134.20 ,43571510
3/1/2024,$139.61 ,$140.00 ,$137.98 ,$138.08 ,28551530
2/29/2024,$138.35 ,$139.95 ,$137.57 ,$139.78 ,35485010
2/28/2024,$139.10 ,$139.28 ,$136.64 ,$137.43 ,30628700
2/27/2024,$139.41 ,$140.49 ,$138.50 ,$140.10 ,22363980
2/26/2024,$143.45 ,$143.84 ,$138.74 ,$138.75 ,33513010
2/23/2024,$144.97 ,$145.96 ,$144.79 ,$145.29 ,14519430
2/22/2024,$146.12 ,$146.20 ,$144.01 ,$145.32 ,23024710
2/21/2024,$142.64 ,$143.98 ,$141.91 ,$143.84 ,16499580
2/20/2024,$140.94 ,$143.33 ,$140.80 ,$142.20 ,18625590
2/16/2024,$144.21 ,$144.48 ,$141.52 ,$141.76 ,21865120
2/15/2024,$144.46 ,$144.76 ,$141.88 ,$143.94 ,26724310
2/14/2024,$147.37 ,$147.83 ,$145.56 ,$147.14 ,16651820
2/13/2024,$146.07 ,$148.04 ,$145.11 ,$146.37 ,18138480
2/12/2024,$149.54 ,$150.59 ,$148.56 ,$148.73 ,17236110
2/9/2024,$147.95 ,$150.70 ,$147.43 ,$150.22 ,21877690
2/8/2024,$146.97 ,$147.61 ,$146.42 ,$147.22 ,18241320
2/7/2024,$146.12 ,$147.00 ,$145.21 ,$146.68 ,21436130
2/6/2024,$145.96 ,$146.74 ,$144.52 ,$145.41 ,21517660
2/5/2024,$144.04 ,$146.67 ,$143.91 ,$144.93 ,29254440
2/2/2024,$140.89 ,$143.88 ,$138.17 ,$143.54 ,42136130
2/1/2024,$143.69 ,$144.62 ,$142.26 ,$142.71 ,25526860
1/31/2024,$145.39 ,$145.59 ,$141.55 ,$141.80 ,43908580
1/30/2024,$154.01 ,$155.04 ,$152.78 ,$153.05 ,26578930
1/29/2024,$153.64 ,$155.20 ,$152.92 ,$154.84 ,20909260
1/26/2024,$152.87 ,$154.11 ,$152.80 ,$153.79 ,19494490
1/25/2024,$151.74 ,$154.76 ,$151.22 ,$153.64 ,21495120
1/24/2024,$150.29 ,$151.57 ,$149.84 ,$150.35 ,19245030
1/23/2024,$147.72 ,$148.86 ,$147.19 ,$148.68 ,14113650
1/22/2024,$148.71 ,$150.02 ,$147.58 ,$147.71 ,21829230
1/19/2024,$146.31 ,$148.04 ,$145.80 ,$147.97 ,27181030
1/18/2024,$143.44 ,$145.59 ,$143.35 ,$144.99 ,18876800
1/17/2024,$142.91 ,$143.41 ,$140.51 ,$142.89 ,17884550
1/16/2024,$143.43 ,$145.84 ,$143.06 ,$144.08 ,19198940
1/12/2024,$144.34 ,$144.74 ,$143.36 ,$144.24 ,13998730
1/11/2024,$144.90 ,$146.66 ,$142.22 ,$143.67 ,17471130
1/10/2024,$142.52 ,$144.53 ,$142.46 ,$143.80 ,16641880
1/9/2024,$140.06 ,$142.80 ,$139.79 ,$142.56 ,19579670
1/8/2024,$138.00 ,$140.64 ,$137.88 ,$140.53 ,17645290
1/5/2024,$138.35 ,$138.81 ,$136.85 ,$137.39 ,15439480
1/4/2024,$139.85 ,$140.64 ,$138.01 ,$138.04 ,18253330
1/3/2024,$138.60 ,$141.09 ,$138.43 ,$140.36 ,18974310
1/2/2024,$139.60 ,$140.61 ,$137.74 ,$139.56 ,20071890
12/29/2023,$140.68 ,$141.44 ,$139.90 ,$140.93 ,14880960
12/28/2023,$141.85 ,$142.27 ,$140.83 ,$141.28 ,12192550
12/27/2023,$142.83 ,$143.32 ,$141.05 ,$141.44 ,17288360
12/26/2023,$142.98 ,$143.95 ,$142.50 ,$142.82 ,11170070
12/22/2023,$142.13 ,$143.25 ,$142.06 ,$142.72 ,18513520
12/21/2023,$140.77 ,$142.03 ,$140.47 ,$141.80 ,18101480
12/20/2023,$140.33 ,$143.08 ,$139.41 ,$139.66 ,33507340
12/19/2023,$138.00 ,$138.77 ,$137.45 ,$138.10 ,20661000
12/18/2023,$133.86 ,$138.38 ,$133.77 ,$137.19 ,25699770
12/15/2023,$132.92 ,$134.83 ,$132.63 ,$133.84 ,58594000
12/14/2023,$134.77 ,$135.04 ,$131.06 ,$133.20 ,29619100
12/13/2023,$134.55 ,$134.78 ,$132.95 ,$133.97 ,25414460
12/12/2023,$133.27 ,$134.54 ,$132.83 ,$133.64 ,26583980
12/11/2023,$133.82 ,$134.79 ,$132.89 ,$134.70 ,24502860
12/8/2023,$135.66 ,$137.99 ,$135.57 ,$136.64 ,23016140
12/7/2023,$136.60 ,$140.00 ,$136.23 ,$138.45 ,38419430
12/6/2023,$132.90 ,$133.31 ,$131.31 ,$131.43 ,16360650
12/5/2023,$130.37 ,$133.54 ,$129.73 ,$132.39 ,19235150
12/4/2023,$131.29 ,$131.45 ,$129.40 ,$130.63 ,24117080
12/1/2023,$133.32 ,$133.50 ,$132.15 ,$133.32 ,24267990
11/30/2023,$136.40 ,$136.96 ,$132.79 ,$133.92 ,29913530
11/29/2023,$138.99 ,$139.67 ,$136.30 ,$136.40 ,21014720
11/28/2023,$137.63 ,$138.66 ,$137.04 ,$138.62 ,17046870
11/27/2023,$137.57 ,$139.63 ,$137.54 ,$138.05 ,17886390
11/24/2023,$139.54 ,$139.68 ,$137.47 ,$138.22 ,8828640
11/22/2023,$139.10 ,$141.10 ,$139.00 ,$140.02 ,17310210
11/21/2023,$137.94 ,$138.97 ,$137.71 ,$138.62 ,17648070
11/20/2023,$135.50 ,$138.43 ,$135.49 ,$137.92 ,19589010
11/17/2023,$137.82 ,$138.00 ,$135.48 ,$136.94 ,25590190
11/16/2023,$136.96 ,$138.88 ,$136.08 ,$138.70 ,17615070
11/15/2023,$136.64 ,$136.84 ,$135.33 ,$136.38 ,15840880
11/14/2023,$135.65 ,$137.24 ,$135.10 ,$135.43 ,22317350
11/13/2023,$133.36 ,$134.11 ,$132.77 ,$133.64 ,16409860
11/10/2023,$131.53 ,$134.27 ,$130.87 ,$134.06 ,20879840
11/9/2023,$133.36 ,$133.96 ,$131.51 ,$131.69 ,17976530
11/8/2023,$132.36 ,$133.54 ,$132.16 ,$133.26 ,15093600
11/7/2023,$131.98 ,$133.28 ,$131.14 ,$132.40 ,19223790
11/6/2023,$130.22 ,$131.56 ,$129.93 ,$131.45 ,15360360
11/3/2023,$129.09 ,$130.73 ,$129.01 ,$130.37 ,19529450
11/2/2023,$129.56 ,$130.09 ,$128.11 ,$128.58 ,24091670
11/1/2023,$125.34 ,$127.74 ,$124.93 ,$127.57 ,26536600
10/31/2023,$126.27 ,$126.56 ,$123.93 ,$125.30 ,21123420
10/30/2023,$124.46 ,$126.55 ,$123.88 ,$125.75 ,24165630
10/27/2023,$124.03 ,$124.44 ,$121.46 ,$123.40 ,37367670
10/26/2023,$124.47 ,$125.46 ,$122.32 ,$123.44 ,33907360
10/25/2023,$129.77 ,$130.10 ,$126.09 ,$126.67 ,58796070
10/24/2023,$139.16 ,$140.71 ,$138.75 ,$140.12 ,26535200
10/23/2023,$136.23 ,$139.02 ,$135.11 ,$137.90 ,20780670
10/20/2023,$138.59 ,$139.04 ,$136.25 ,$136.74 ,24970260
10/19/2023,$139.80 ,$141.01 ,$138.60 ,$138.98 ,21831180
10/18/2023,$140.75 ,$141.99 ,$138.71 ,$139.28 ,18304870
10/17/2023,$140.03 ,$141.25 ,$138.53 ,$140.99 ,17424020
10/16/2023,$139.73 ,$140.91 ,$139.32 ,$140.49 ,17345560
10/13/2023,$140.65 ,$141.34 ,$137.97 ,$138.58 ,19447570
10/12/2023,$142.16 ,$142.38 ,$139.45 ,$140.29 ,18173110
10/11/2023,$139.85 ,$142.22 ,$139.84 ,$141.70 ,20146340
10/10/2023,$139.51 ,$140.74 ,$138.43 ,$139.20 ,19554920
10/9/2023,$137.99 ,$139.97 ,$136.70 ,$139.50 ,16599100
10/6/2023,$134.94 ,$139.19 ,$134.94 ,$138.73 ,20826680
10/5/2023,$136.13 ,$136.50 ,$134.46 ,$135.99 ,15922940
10/4/2023,$133.66 ,$136.57 ,$133.43 ,$136.27 ,22847990
10/3/2023,$134.93 ,$135.24 ,$132.82 ,$133.30 ,19628740
10/2/2023,$132.16 ,$135.36 ,$132.07 ,$135.17 ,19210390
9/29/2023,$134.08 ,$134.89 ,$131.32 ,$131.85 ,23237340
9/28/2023,$130.69 ,$134.18 ,$130.69 ,$133.13 ,18201390
9/27/2023,$129.44 ,$131.72 ,$129.38 ,$131.46 ,18764200
9/26/2023,$130.91 ,$131.41 ,$128.19 ,$129.45 ,20378790
9/25/2023,$130.77 ,$132.22 ,$130.03 ,$132.17 ,14650030
9/22/2023,$131.68 ,$133.01 ,$130.51 ,$131.25 ,17355280
9/21/2023,$132.39 ,$133.19 ,$131.09 ,$131.36 ,22058380
9/20/2023,$138.83 ,$138.84 ,$134.52 ,$134.59 ,21473530
9/19/2023,$138.25 ,$139.18 ,$137.50 ,$138.83 ,15484640
9/18/2023,$137.63 ,$139.93 ,$137.63 ,$138.96 ,16233590
9/15/2023,$138.80 ,$139.36 ,$137.18 ,$138.30 ,48958840
9/14/2023,$138.39 ,$139.55 ,$137.06 ,$138.99 ,19064610
9/13/2023,$135.90 ,$137.70 ,$134.93 ,$137.50 ,16394920
9/12/2023,$137.13 ,$137.64 ,$135.93 ,$136.07 ,15212930
9/11/2023,$137.38 ,$138.26 ,$136.55 ,$137.74 ,17180760
9/8/2023,$135.87 ,$137.52 ,$135.87 ,$137.20 ,17820010
9/7/2023,$134.60 ,$136.58 ,$133.96 ,$136.20 ,16975960
9/6/2023,$137.02 ,$137.48 ,$134.69 ,$135.37 ,15814330
9/5/2023,$136.44 ,$137.37 ,$135.56 ,$136.71 ,17730220
9/1/2023,$138.43 ,$138.58 ,$135.94 ,$136.80 ,16671650
8/31/2023,$137.05 ,$138.40 ,$136.82 ,$137.35 ,28147850
8/30/2023,$135.57 ,$137.25 ,$135.02 ,$136.93 ,21773360
8/29/2023,$133.00 ,$137.30 ,$132.98 ,$135.49 ,30803270
8/28/2023,$132.08 ,$133.24 ,$130.85 ,$131.79 ,16715470
8/25/2023,$130.14 ,$131.40 ,$128.04 ,$130.69 ,20678100
8/24/2023,$134.73 ,$134.97 ,$130.30 ,$130.42 ,18680380
8/23/2023,$130.85 ,$134.07 ,$130.51 ,$133.21 ,26497030
8/22/2023,$129.13 ,$130.95 ,$128.93 ,$129.69 ,15569370
8/21/2023,$127.85 ,$129.26 ,$127.16 ,$128.93 ,21851070
8/18/2023,$129.06 ,$129.83 ,$127.00 ,$128.11 ,23627200
8/17/2023,$130.45 ,$132.49 ,$129.85 ,$130.46 ,23665560
8/16/2023,$129.28 ,$130.90 ,$128.46 ,$129.11 ,17548360
8/15/2023,$131.59 ,$131.99 ,$129.82 ,$130.27 ,14769170
8/14/2023,$129.85 ,$131.91 ,$129.59 ,$131.83 ,17526200
8/11/2023,$129.20 ,$130.44 ,$128.75 ,$130.17 ,15205470
8/10/2023,$131.97 ,$132.65 ,$130.04 ,$130.21 ,17855680
8/9/2023,$132.19 ,$132.47 ,$129.51 ,$130.15 ,17745220
8/8/2023,$130.98 ,$131.94 ,$130.13 ,$131.84 ,16835950
8/7/2023,$129.51 ,$132.06 ,$129.43 ,$131.94 ,17621040
8/4/2023,$129.60 ,$131.93 ,$128.32 ,$128.54 ,20521850
8/3/2023,$128.37 ,$129.77 ,$127.78 ,$128.77 ,15086130
8/2/2023,$129.84 ,$130.42 ,$127.85 ,$128.64 ,22705780
8/1/2023,$130.86 ,$132.92 ,$130.75 ,$131.89 ,22219010
7/31/2023,$133.01 ,$133.83 ,$132.13 ,$133.11 ,18381890
7/28/2023,$130.97 ,$134.07 ,$130.92 ,$133.01 ,26971010
7/27/2023,$131.80 ,$133.60 ,$129.18 ,$129.87 ,35931610
7/26/2023,$130.36 ,$131.37 ,$128.71 ,$129.66 ,46216900
7/25/2023,$121.88 ,$123.69 ,$121.53 ,$122.79 ,31820850
7/24/2023,$121.93 ,$123.35 ,$121.38 ,$121.88 ,22312220
7/21/2023,$120.87 ,$121.30 ,$119.07 ,$120.31 ,56514650
7/20/2023,$122.12 ,$124.70 ,$118.69 ,$119.53 ,27541710
7/19/2023,$124.79 ,$125.47 ,$122.47 ,$122.78 ,22313800
7/18/2023,$124.91 ,$124.99 ,$123.30 ,$124.08 ,21071250
7/17/2023,$126.06 ,$127.28 ,$124.50 ,$125.06 ,20675300
7/14/2023,$125.13 ,$127.09 ,$124.90 ,$125.70 ,20499780
7/13/2023,$121.54 ,$125.34 ,$121.06 ,$124.83 ,31535850
7/12/2023,$119.30 ,$120.96 ,$119.00 ,$119.62 ,22059610
7/11/2023,$116.76 ,$118.23 ,$115.83 ,$117.71 ,18286570
7/10/2023,$119.07 ,$119.07 ,$116.64 ,$116.87 ,32960080
7/7/2023,$120.89 ,$121.75 ,$120.09 ,$120.14 ,20997670
7/6/2023,$120.64 ,$121.15 ,$119.25 ,$120.93 ,17750180
7/5/2023,$120.06 ,$123.37 ,$120.06 ,$122.63 ,17830350
7/3/2023,$120.32 ,$121.02 ,$119.71 ,$120.56 ,13871720
6/30/2023,$121.10 ,$122.03 ,$120.88 ,$120.97 ,23871760
6/29/2023,$120.09 ,$120.91 ,$119.21 ,$120.01 ,18517460
6/28/2023,$117.96 ,$121.27 ,$117.60 ,$121.08 ,19753150
6/27/2023,$117.84 ,$119.90 ,$116.91 ,$119.01 ,27221710
6/26/2023,$121.47 ,$122.72 ,$118.99 ,$119.09 ,23184960
6/23/2023,$122.04 ,$123.44 ,$121.86 ,$123.02 ,29573120
6/22/2023,$120.66 ,$123.94 ,$119.60 ,$123.87 ,20781890
6/21/2023,$123.24 ,$123.41 ,$120.86 ,$121.26 ,22612000
6/20/2023,$123.54 ,$125.18 ,$122.83 ,$123.85 ,22698030
6/16/2023,$126.70 ,$126.70 ,$123.79 ,$124.06 ,56699200
6/15/2023,$123.88 ,$126.16 ,$123.14 ,$125.79 ,24517070
6/14/2023,$123.80 ,$124.79 ,$122.16 ,$124.38 ,24659620
6/13/2023,$125.65 ,$125.86 ,$123.85 ,$124.43 ,19287650
6/12/2023,$123.40 ,$124.75 ,$122.35 ,$124.35 ,22289630
6/9/2023,$122.56 ,$124.29 ,$122.42 ,$122.87 ,20313680
6/8/2023,$122.59 ,$123.73 ,$122.01 ,$122.67 ,24815000
6/7/2023,$127.58 ,$129.55 ,$122.63 ,$122.94 ,34179350
6/6/2023,$126.60 ,$128.88 ,$125.97 ,$127.91 ,19450130
6/5/2023,$124.61 ,$127.99 ,$124.38 ,$126.63 ,22672520
6/2/2023,$124.49 ,$126.75 ,$124.35 ,$125.23 ,19367450
6/1/2023,$123.50 ,$125.04 ,$123.30 ,$124.37 ,25017670
5/31/2023,$123.70 ,$124.90 ,$123.10 ,$123.37 ,41548760
5/30/2023,$126.29 ,$126.38 ,$122.89 ,$124.64 ,27230730
5/26/2023,$124.07 ,$126.00 ,$123.29 ,$125.43 ,25169040
5/25/2023,$125.21 ,$125.98 ,$122.90 ,$124.35 ,33812730
5/24/2023,$121.88 ,$122.75 ,$120.75 ,$121.64 ,23087930
5/23/2023,$124.93 ,$125.42 ,$123.05 ,$123.29 ,24477950
5/22/2023,$123.51 ,$127.05 ,$123.45 ,$125.87 ,29760240
5/19/2023,$124.20 ,$126.48 ,$122.72 ,$123.25 ,30268860
5/18/2023,$121.56 ,$123.90 ,$121.49 ,$123.52 ,27014470
5/17/2023,$120.18 ,$122.28 ,$119.46 ,$121.48 ,26659560
5/16/2023,$116.83 ,$121.20 ,$116.83 ,$120.09 ,32370110
5/15/2023,$116.49 ,$118.80 ,$116.48 ,$116.96 ,22107870
5/12/2023,$117.00 ,$118.26 ,$116.55 ,$117.92 ,31293780
5/11/2023,$115.86 ,$118.44 ,$114.93 ,$116.90 ,57115080
5/10/2023,$108.55 ,$113.51 ,$108.48 ,$112.28 ,47533460
5/9/2023,$108.78 ,$110.60 ,$107.73 ,$107.94 ,24782440
5/8/2023,$105.80 ,$108.42 ,$105.79 ,$108.24 ,17266020
5/5/2023,$105.32 ,$106.44 ,$104.74 ,$106.22 ,20710630
5/4/2023,$106.16 ,$106.30 ,$104.70 ,$105.21 ,19780640
5/3/2023,$106.22 ,$108.13 ,$105.62 ,$106.12 ,17116330
5/2/2023,$107.66 ,$107.73 ,$104.50 ,$105.98 ,20343120
5/1/2023,$107.72 ,$108.68 ,$107.50 ,$107.71 ,20926260
4/28/2023,$107.80 ,$108.29 ,$106.04 ,$108.22 ,23957870
4/27/2023,$105.23 ,$109.15 ,$104.42 ,$108.37 ,38235220
4/26/2023,$105.56 ,$107.02 ,$103.27 ,$104.45 ,37068170
4/25/2023,$106.61 ,$107.44 ,$104.56 ,$104.61 ,31408120
4/24/2023,$106.05 ,$107.32 ,$105.36 ,$106.78 ,21410910
4/21/2023,$106.09 ,$106.64 ,$105.49 ,$105.91 ,22379020
4/20/2023,$104.65 ,$106.89 ,$104.64 ,$105.90 ,22515330
4/19/2023,$104.22 ,$105.73 ,$103.80 ,$105.02 ,16732020
4/18/2023,$107.00 ,$107.05 ,$104.78 ,$105.12 ,17641370
4/17/2023,$105.43 ,$106.71 ,$105.32 ,$106.42 ,29043440
4/14/2023,$107.69 ,$109.58 ,$107.59 ,$109.46 ,20758690
4/13/2023,$106.47 ,$108.27 ,$106.44 ,$108.19 ,21650750
4/12/2023,$107.39 ,$107.59 ,$104.97 ,$105.22 ,22761570
4/11/2023,$106.92 ,$107.22 ,$105.28 ,$106.12 ,18721280
4/10/2023,$107.39 ,$107.97 ,$105.60 ,$106.95 ,19741520
4/6/2023,$105.77 ,$109.63 ,$104.82 ,$108.90 ,34684150
4/5/2023,$106.12 ,$106.54 ,$104.10 ,$104.95 ,21864200
4/4/2023,$104.84 ,$106.10 ,$104.60 ,$105.12 ,20377230
4/3/2023,$102.67 ,$104.95 ,$102.38 ,$104.91 ,20719860
3/31/2023,$101.71 ,$104.19 ,$101.44 ,$104.00 ,28107950
3/30/2023,$101.44 ,$101.61 ,$100.29 ,$101.32 ,25009830
3/29/2023,$102.72 ,$102.82 ,$101.03 ,$101.90 ,26148300
3/28/2023,$103.00 ,$103.00 ,$100.28 ,$101.36 ,24913480
3/27/2023,$105.32 ,$105.40 ,$102.63 ,$103.06 ,25393420
3/24/2023,$105.74 ,$106.16 ,$104.74 ,$106.06 ,25245010
3/23/2023,$105.89 ,$107.10 ,$105.41 ,$106.26 ,31385820
3/22/2023,$105.14 ,$107.51 ,$104.21 ,$104.22 ,32336880
3/21/2023,$101.98 ,$105.96 ,$101.86 ,$105.84 ,33122800
3/20/2023,$101.06 ,$102.58 ,$100.79 ,$101.93 ,26033920
3/17/2023,$100.84 ,$103.49 ,$100.75 ,$102.46 ,76140310
3/16/2023,$96.57 ,$101.97 ,$95.87 ,$101.07 ,54588200
3/15/2023,$93.54 ,$97.25 ,$93.04 ,$96.55 ,38367330
3/14/2023,$93.07 ,$94.83 ,$92.78 ,$94.25 ,32303880
3/13/2023,$90.57 ,$93.08 ,$89.94 ,$91.66 ,31508570
3/10/2023,$92.50 ,$93.18 ,$90.80 ,$91.01 ,32850090
3/9/2023,$94.49 ,$95.92 ,$92.36 ,$92.66 ,24438890
3/8/2023,$94.41 ,$96.24 ,$94.41 ,$94.65 ,25395200
3/7/2023,$95.42 ,$96.09 ,$93.84 ,$94.17 ,24101540
3/6/2023,$94.36 ,$96.30 ,$94.30 ,$95.58 ,28288210
3/3/2023,$92.74 ,$94.11 ,$92.66 ,$94.02 ,30242540
3/2/2023,$89.86 ,$92.48 ,$89.77 ,$92.31 ,23344560
3/1/2023,$90.16 ,$91.20 ,$89.85 ,$90.51 ,26323880
2/28/2023,$89.54 ,$91.45 ,$89.52 ,$90.30 ,30546910
2/27/2023,$90.09 ,$90.45 ,$89.61 ,$90.10 ,22724260
2/24/2023,$89.63 ,$90.13 ,$88.86 ,$89.35 ,31295620
2/23/2023,$92.13 ,$92.13 ,$90.01 ,$91.07 ,32423720
2/22/2023,$91.93 ,$92.36 ,$90.87 ,$91.80 ,29891140
2/21/2023,$93.24 ,$93.41 ,$92.00 ,$92.05 ,28367200
2/17/2023,$95.07 ,$95.75 ,$93.45 ,$94.59 ,31095070
2/16/2023,$95.54 ,$97.88 ,$94.97 ,$95.78 ,35642110
2/15/2023,$94.74 ,$97.34 ,$94.36 ,$97.10 ,37029890
2/14/2023,$94.66 ,$95.18 ,$92.65 ,$94.95 ,42513080
2/13/2023,$95.01 ,$95.35 ,$94.05 ,$95.00 ,43116560
2/10/2023,$95.74 ,$97.02 ,$94.53 ,$94.86 ,49325280
2/9/2023,$100.54 ,$100.61 ,$93.86 ,$95.46 ,97798570
2/8/2023,$102.69 ,$103.58 ,$98.46 ,$100.00 ,73546030
2/7/2023,$103.63 ,$108.67 ,$103.55 ,$108.04 ,33738830
2/6/2023,$102.69 ,$104.70 ,$102.21 ,$103.47 ,25573050
2/3/2023,$103.51 ,$108.02 ,$103.30 ,$105.22 ,36823420
2/2/2023,$106.79 ,$108.82 ,$106.54 ,$108.80 ,46622630
2/1/2023,$99.74 ,$102.19 ,$98.42 ,$101.43 ,26392570
1/31/2023,$97.86 ,$99.91 ,$97.79 ,$99.87 ,22306780
1/30/2023,$98.75 ,$99.41 ,$97.52 ,$97.95 ,24365140
1/27/2023,$99.05 ,$101.58 ,$98.97 ,$100.71 ,29020350
1/26/2023,$98.28 ,$99.21 ,$96.82 ,$99.16 ,24542060
1/25/2023,$97.20 ,$97.72 ,$95.26 ,$96.73 ,31000850
1/24/2023,$99.55 ,$101.09 ,$98.70 ,$99.21 ,27391370
1/23/2023,$99.13 ,$101.40 ,$98.75 ,$101.21 ,31791780
1/20/2023,$95.95 ,$99.42 ,$95.91 ,$99.28 ,53704760
1/19/2023,$91.39 ,$94.40 ,$91.38 ,$93.91 ,28707650
1/18/2023,$92.94 ,$93.59 ,$91.40 ,$91.78 ,19641620
1/17/2023,$92.78 ,$92.97 ,$90.84 ,$92.16 ,22935820
1/13/2023,$91.53 ,$92.98 ,$90.93 ,$92.80 ,18630710
1/12/2023,$92.40 ,$92.62 ,$90.57 ,$91.91 ,22754220
1/11/2023,$90.06 ,$92.45 ,$89.74 ,$92.26 ,25998840
1/10/2023,$86.72 ,$89.48 ,$86.70 ,$89.24 ,22855590
1/9/2023,$89.20 ,$90.83 ,$88.58 ,$88.80 ,22996680
1/6/2023,$87.36 ,$88.47 ,$85.57 ,$88.16 ,26612630
1/5/2023,$88.07 ,$88.21 ,$86.56 ,$86.77 ,23136080
1/4/2023,$91.01 ,$91.24 ,$87.80 ,$88.71 ,27046480
1/3/2023,$89.83 ,$91.55 ,$89.02 ,$89.70 ,20738460
12/30/2022,$87.37 ,$88.83 ,$87.03 ,$88.73 ,19190300
12/29/2022,$87.03 ,$89.37 ,$86.99 ,$88.95 ,18280660
12/28/2022,$87.50 ,$88.52 ,$86.37 ,$86.46 ,17879570
12/27/2022,$89.31 ,$89.50 ,$87.54 ,$87.93 ,15470870
12/23/2022,$87.62 ,$90.10 ,$87.62 ,$89.81 ,17815010
12/22/2022,$88.93 ,$89.18 ,$86.94 ,$88.26 ,23656070
12/21/2022,$89.73 ,$90.92 ,$88.91 ,$90.25 ,20336390
12/20/2022,$88.73 ,$89.78 ,$88.04 ,$89.63 ,21976850
12/19/2022,$90.88 ,$91.20 ,$88.93 ,$89.15 ,23020540
12/16/2022,$91.20 ,$91.75 ,$90.01 ,$90.86 ,48485510
12/15/2022,$93.54 ,$94.03 ,$90.43 ,$91.20 ,28298760
12/14/2022,$95.54 ,$97.22 ,$93.94 ,$95.31 ,26452940
12/13/2022,$98.07 ,$99.80 ,$95.38 ,$95.85 ,34788520
12/12/2022,$93.09 ,$93.87 ,$91.90 ,$93.56 ,27380950
12/9/2022,$93.90 ,$94.49 ,$93.02 ,$93.07 ,21885310
12/8/2022,$95.69 ,$95.87 ,$93.80 ,$93.95 ,25593230
12/7/2022,$96.77 ,$97.31 ,$95.03 ,$95.15 ,26647880
12/6/2022,$99.67 ,$100.21 ,$96.76 ,$97.31 ,20877620
12/5/2022,$99.82 ,$101.75 ,$99.36 ,$99.87 ,19955550
12/2/2022,$99.37 ,$101.15 ,$99.17 ,$100.83 ,18821530
12/1/2022,$101.40 ,$102.59 ,$100.67 ,$101.28 ,21771540
11/30/2022,$95.12 ,$101.45 ,$94.67 ,$101.45 ,39888070
11/29/2022,$96.00 ,$96.39 ,$94.39 ,$95.44 ,20220010
11/28/2022,$97.20 ,$97.83 ,$95.89 ,$96.25 ,19981970
11/25/2022,$98.47 ,$98.94 ,$97.53 ,$97.60 ,8567819
11/23/2022,$97.34 ,$99.07 ,$97.34 ,$98.82 ,17568860
11/22/2022,$96.16 ,$97.55 ,$94.41 ,$97.33 ,18868850
11/21/2022,$97.56 ,$98.72 ,$95.67 ,$95.83 ,18696870
11/18/2022,$99.01 ,$99.16 ,$96.74 ,$97.80 ,24969880
11/17/2022,$97.18 ,$99.48 ,$97.10 ,$98.50 ,21818730
11/16/2022,$98.02 ,$99.85 ,$97.90 ,$98.99 ,24660200
11/15/2022,$98.67 ,$100.42 ,$97.02 ,$98.72 ,31830970
11/14/2022,$95.50 ,$97.18 ,$95.11 ,$96.03 ,24170080
11/11/2022,$94.71 ,$97.36 ,$94.16 ,$96.73 ,30569110
11/10/2022,$92.34 ,$94.55 ,$91.65 ,$94.17 ,42371220
11/9/2022,$88.55 ,$89.49 ,$87.36 ,$87.40 ,26743880
11/8/2022,$89.16 ,$90.41 ,$87.65 ,$88.91 ,30172000
11/7/2022,$87.34 ,$88.94 ,$86.96 ,$88.65 ,26899880
11/4/2022,$85.51 ,$86.73 ,$83.88 ,$86.70 ,40173280
11/3/2022,$86.35 ,$86.55 ,$83.45 ,$83.49 ,48510360
11/2/2022,$90.91 ,$91.30 ,$87.01 ,$87.07 ,43553550
11/1/2022,$95.59 ,$96.17 ,$90.43 ,$90.50 ,43220600
10/31/2022,$95.78 ,$96.35 ,$94.38 ,$94.66 ,29868710
10/28/2022,$92.53 ,$96.86 ,$92.32 ,$96.58 ,35696930
10/27/2022,$94.31 ,$95.17 ,$91.90 ,$92.60 ,54036490
10/26/2022,$96.76 ,$98.54 ,$94.57 ,$94.82 ,71671810
10/25/2022,$103.30 ,$105.10 ,$103.02 ,$104.93 ,29910170
10/24/2022,$102.09 ,$103.10 ,$100.30 ,$102.97 ,24680830
10/21/2022,$98.46 ,$101.62 ,$98.23 ,$101.48 ,28988730
10/20/2022,$100.82 ,$103.00 ,$99.97 ,$100.53 ,25125080
10/19/2022,$100.70 ,$101.66 ,$99.64 ,$100.29 ,21573690
10/18/2022,$103.94 ,$104.22 ,$100.65 ,$101.39 ,21610540
10/17/2022,$99.52 ,$101.77 ,$99.51 ,$100.78 ,23311600
10/14/2022,$100.63 ,$101.29 ,$97.03 ,$97.18 ,22624830
10/13/2022,$95.93 ,$100.53 ,$95.27 ,$99.71 ,32812220
10/12/2022,$98.27 ,$99.65 ,$97.67 ,$98.30 ,17343430
10/11/2022,$98.25 ,$100.12 ,$97.25 ,$98.05 ,21617730
10/10/2022,$99.85 ,$99.99 ,$97.87 ,$98.71 ,16529900
10/7/2022,$100.65 ,$101.42 ,$99.21 ,$99.57 ,24249910
10/6/2022,$101.50 ,$103.73 ,$101.50 ,$102.24 ,17156240
10/5/2022,$100.69 ,$102.74 ,$99.74 ,$102.22 ,18475520
10/4/2022,$101.04 ,$102.72 ,$101.04 ,$102.41 ,22580930
10/3/2022,$97.22 ,$99.97 ,$97.02 ,$99.30 ,24840030
9/30/2022,$97.73 ,$99.49 ,$96.03 ,$96.15 ,26277830
9/29/2022,$99.30 ,$99.30 ,$96.52 ,$98.09 ,21921520
9/28/2022,$98.02 ,$101.40 ,$97.80 ,$100.74 ,24617000
9/27/2022,$99.91 ,$100.46 ,$97.34 ,$98.09 ,24224990
9/26/2022,$98.61 ,$100.44 ,$98.38 ,$98.81 ,22437940
9/23/2022,$100.06 ,$100.11 ,$98.01 ,$99.17 ,25656960
9/22/2022,$99.45 ,$101.68 ,$99.41 ,$100.57 ,21272680
9/21/2022,$102.24 ,$103.49 ,$99.99 ,$100.01 ,26596760
9/20/2022,$102.88 ,$103.17 ,$101.12 ,$101.83 ,24001670
9/19/2022,$102.54 ,$104.02 ,$102.37 ,$103.85 ,19738600
9/16/2022,$102.97 ,$104.03 ,$101.86 ,$103.63 ,64540120
9/15/2022,$105.01 ,$106.21 ,$103.31 ,$103.90 ,26494930
9/14/2022,$105.44 ,$106.10 ,$104.50 ,$105.87 ,22115810
9/13/2022,$108.89 ,$109.37 ,$105.00 ,$105.31 ,33014990
9/12/2022,$111.99 ,$112.64 ,$110.93 ,$111.87 ,19732910
9/9/2022,$110.05 ,$112.00 ,$110.00 ,$111.78 ,21745030
9/8/2022,$109.18 ,$110.58 ,$108.06 ,$109.42 ,21660650
9/7/2022,$107.76 ,$110.99 ,$107.62 ,$110.48 ,22987180
9/6/2022,$108.14 ,$108.88 ,$106.51 ,$107.48 ,20565050
9/2/2022,$111.34 ,$111.68 ,$108.13 ,$108.68 ,20618080
9/1/2022,$109.20 ,$111.22 ,$108.19 ,$110.55 ,22784390
8/31/2022,$111.63 ,$111.77 ,$109.05 ,$109.15 ,25897980
8/30/2022,$111.03 ,$111.37 ,$108.80 ,$109.91 ,20548200
8/29/2022,$110.78 ,$111.96 ,$109.81 ,$110.34 ,20386140
8/26/2022,$115.81 ,$116.60 ,$111.22 ,$111.30 ,31698670
8/25/2022,$115.15 ,$117.78 ,$115.05 ,$117.70 ,14874670
8/24/2022,$114.45 ,$115.72 ,$113.78 ,$114.70 ,16051170
8/23/2022,$114.32 ,$115.93 ,$114.30 ,$114.77 ,14390690
8/22/2022,$116.10 ,$116.50 ,$114.67 ,$115.07 ,19316020
8/19/2022,$119.87 ,$120.00 ,$117.67 ,$118.12 ,20186980
8/18/2022,$120.23 ,$121.69 ,$119.55 ,$120.86 ,15652030
8/17/2022,$120.93 ,$122.15 ,$120.20 ,$120.32 ,17589160
8/16/2022,$122.32 ,$123.23 ,$121.54 ,$122.51 ,15626170
8/15/2022,$122.21 ,$123.26 ,$121.57 ,$122.88 ,15524950
8/12/2022,$121.16 ,$122.65 ,$120.40 ,$122.65 ,16121090
8/11/2022,$122.08 ,$122.34 ,$119.55 ,$119.82 ,16671630
8/10/2022,$119.59 ,$121.78 ,$119.36 ,$120.65 ,20497020
8/9/2022,$117.99 ,$118.20 ,$116.56 ,$117.50 ,15424260
8/8/2022,$119.12 ,$120.86 ,$117.83 ,$118.14 ,17061110
8/5/2022,$116.93 ,$118.86 ,$116.71 ,$118.22 ,15615660
8/4/2022,$118.30 ,$119.50 ,$117.71 ,$118.87 ,15757700
8/3/2022,$116.34 ,$119.42 ,$116.15 ,$118.78 ,25302820
8/2/2022,$114.43 ,$117.08 ,$114.26 ,$115.90 ,17911040
8/1/2022,$115.53 ,$117.12 ,$114.69 ,$115.48 ,22856200
7/29/2022,$113.40 ,$116.90 ,$113.23 ,$116.64 ,31336180
7/28/2022,$112.80 ,$114.70 ,$111.85 ,$114.59 ,23303840
7/27/2022,$109.60 ,$114.40 ,$108.42 ,$113.60 ,41474620
7/26/2022,$107.43 ,$107.74 ,$104.76 ,$105.44 ,36626630
7/25/2022,$108.88 ,$110.58 ,$107.01 ,$108.21 ,28289940
7/22/2022,$111.81 ,$113.18 ,$107.60 ,$108.36 ,44455300
7/21/2022,$115.09 ,$115.21 ,$111.91 ,$115.04 ,27267850
7/20/2022,$114.06 ,$116.33 ,$113.26 ,$114.70 ,26780090
7/19/2022,$111.73 ,$114.81 ,$110.50 ,$114.62 ,30992330
7/18/2022,$113.44 ,$114.80 ,$109.30 ,$109.91 ,33353990
7/15/2022,$112.96 ,$114.00 ,$111.82 ,$112.77 ,34330760
7/14/2022,$110.83 ,$111.99 ,$109.33 ,$111.44 ,32365540
7/13/2022,$112.64 ,$115.16 ,$111.82 ,$112.19 ,38958860
7/12/2022,$116.84 ,$117.85 ,$114.62 ,$114.85 ,24970160
7/11/2022,$118.65 ,$118.79 ,$116.23 ,$116.52 ,26830460
7/8/2022,$117.55 ,$120.44 ,$117.51 ,$120.17 ,29082200
7/7/2022,$116.01 ,$119.86 ,$115.53 ,$119.31 ,32183940
7/6/2022,$114.09 ,$116.35 ,$112.25 ,$115.21 ,28852680
7/5/2022,$107.51 ,$114.05 ,$106.25 ,$113.89 ,36429380
7/1/2022,$108.34 ,$109.81 ,$107.11 ,$109.08 ,31027880
6/30/2022,$110.50 ,$111.33 ,$107.31 ,$109.37 ,38046040
6/29/2022,$112.15 ,$113.66 ,$111.55 ,$112.26 ,18627860
6/28/2022,$116.35 ,$117.86 ,$112.44 ,$112.57 ,28316220
6/27/2022,$118.94 ,$119.25 ,$116.00 ,$116.62 ,32839300
6/24/2022,$113.60 ,$118.64 ,$113.60 ,$118.54 ,39122760
6/23/2022,$112.95 ,$113.20 ,$111.03 ,$112.68 ,24709720
6/22/2022,$111.16 ,$113.77 ,$110.72 ,$112.03 ,23921720
6/21/2022,$109.70 ,$112.67 ,$109.29 ,$112.02 ,39010280
6/17/2022,$106.54 ,$109.25 ,$105.63 ,$107.87 ,43516660
6/16/2022,$108.15 ,$109.29 ,$105.79 ,$106.64 ,35313240
6/15/2022,$108.90 ,$112.06 ,$108.12 ,$110.39 ,33192020
6/14/2022,$106.89 ,$108.46 ,$106.35 ,$107.19 ,25480940
6/13/2022,$107.45 ,$109.22 ,$106.59 ,$106.88 ,36756200
6/10/2022,$112.78 ,$113.50 ,$110.86 ,$111.43 ,31349740
6/9/2022,$116.34 ,$118.35 ,$114.87 ,$114.92 ,23141600
6/8/2022,$116.88 ,$118.65 ,$116.70 ,$117.24 ,22544260
6/7/2022,$115.65 ,$117.75 ,$115.13 ,$117.23 ,26413540
6/6/2022,$116.74 ,$119.40 ,$116.53 ,$117.01 ,23786720
6/3/2022,$115.99 ,$116.36 ,$113.67 ,$114.56 ,24952080
6/2/2022,$114.19 ,$117.90 ,$113.31 ,$117.75 ,27495400
6/1/2022,$114.93 ,$117.40 ,$113.55 ,$114.14 ,28629280
5/31/2022,$113.08 ,$116.43 ,$112.57 ,$114.04 ,51301920
5/27/2022,$109.79 ,$112.87 ,$109.55 ,$112.80 ,29924420
5/26/2022,$106.05 ,$108.96 ,$105.49 ,$108.30 ,30287480
5/25/2022,$105.14 ,$106.54 ,$104.21 ,$105.84 ,37899340
5/24/2022,$106.38 ,$106.40 ,$102.21 ,$105.93 ,60386380
5/23/2022,$110.10 ,$112.01 ,$109.15 ,$111.67 ,31558220
5/20/2022,$112.09 ,$112.55 ,$106.37 ,$109.31 ,37586020
5/19/2022,$111.84 ,$113.59 ,$110.47 ,$110.75 ,29191740
5/18/2022,$115.24 ,$115.70 ,$112.14 ,$112.40 ,27982760
5/17/2022,$117.23 ,$117.23 ,$115.34 ,$116.70 ,21576080
5/16/2022,$115.38 ,$116.61 ,$114.34 ,$114.79 ,23282380
5/13/2022,$114.85 ,$118.09 ,$114.00 ,$116.52 ,29737560
5/12/2022,$111.94 ,$114.86 ,$110.11 ,$113.16 ,41464880
5/11/2022,$113.71 ,$116.67 ,$113.65 ,$113.96 ,36501640
5/10/2022,$116.04 ,$116.69 ,$113.38 ,$114.58 ,31157780
5/9/2022,$113.30 ,$115.56 ,$112.55 ,$113.08 ,34520960
5/6/2022,$115.52 ,$117.50 ,$114.14 ,$115.66 ,35309480
5/5/2022,$120.22 ,$121.23 ,$115.18 ,$116.75 ,43089040
5/4/2022,$118.00 ,$123.14 ,$115.74 ,$122.58 ,33231460
5/3/2022,$116.77 ,$119.30 ,$116.63 ,$118.13 ,21215740
5/2/2022,$113.91 ,$117.34 ,$113.40 ,$117.16 ,30279640
4/29/2022,$117.58 ,$118.96 ,$114.69 ,$114.97 ,33693100
4/28/2022,$117.12 ,$120.44 ,$115.14 ,$119.41 ,36790940
4/27/2022,$114.37 ,$117.50 ,$113.12 ,$115.02 ,62238120
4/26/2022,$122.75 ,$122.75 ,$119.16 ,$119.51 ,49393040
4/25/2022,$119.43 ,$123.28 ,$118.77 ,$123.25 ,34521800
4/22/2022,$125.00 ,$125.45 ,$119.14 ,$119.61 ,46410300
4/21/2022,$129.35 ,$130.31 ,$124.65 ,$124.94 ,30157540
4/20/2022,$131.28 ,$131.92 ,$127.89 ,$128.25 ,22609380
4/19/2022,$128.08 ,$130.90 ,$127.45 ,$130.53 ,22719300
4/18/2022,$127.41 ,$128.71 ,$126.58 ,$127.96 ,14917200
4/14/2022,$130.65 ,$130.71 ,$127.11 ,$127.25 ,23483360
4/13/2022,$128.63 ,$130.66 ,$128.44 ,$130.29 ,19542960
4/12/2022,$132.42 ,$132.42 ,$127.58 ,$128.37 ,23003220
4/11/2022,$132.90 ,$132.94 ,$129.62 ,$129.80 ,24187340
4/8/2022,$136.25 ,$136.25 ,$133.75 ,$134.01 ,16434480
4/7/2022,$136.62 ,$137.70 ,$134.86 ,$136.47 ,19448540
4/6/2022,$139.16 ,$139.85 ,$136.42 ,$137.18 ,23574600
4/5/2022,$143.40 ,$143.59 ,$140.94 ,$141.06 ,19255560
4/4/2022,$140.82 ,$144.04 ,$140.82 ,$143.64 ,19084900
4/1/2022,$140.01 ,$140.95 ,$138.80 ,$140.70 ,23480020
3/31/2022,$142.45 ,$142.64 ,$139.62 ,$139.65 ,29516320
3/30/2022,$142.87 ,$143.48 ,$142.17 ,$142.64 ,21046380
3/29/2022,$143.16 ,$144.16 ,$142.48 ,$143.25 ,28678420
3/28/2022,$140.68 ,$141.98 ,$139.83 ,$141.95 ,23773080
3/25/2022,$141.75 ,$141.96 ,$139.70 ,$141.52 ,19289080
3/24/2022,$139.27 ,$141.40 ,$138.04 ,$141.31 ,20544720
3/23/2022,$139.14 ,$140.03 ,$138.17 ,$138.50 ,25302320
3/22/2022,$136.50 ,$141.50 ,$136.50 ,$140.28 ,29776860
3/21/2022,$136.85 ,$137.58 ,$134.61 ,$136.48 ,26632460
3/18/2022,$133.88 ,$136.91 ,$132.93 ,$136.80 ,45899700
3/17/2022,$133.32 ,$134.74 ,$132.72 ,$134.60 ,23994380
3/16/2022,$131.00 ,$133.77 ,$129.20 ,$133.69 ,32058200
3/15/2022,$127.74 ,$130.52 ,$126.57 ,$129.66 ,30292600
3/14/2022,$130.57 ,$131.03 ,$126.41 ,$126.74 ,30253860
3/11/2022,$134.00 ,$134.20 ,$130.30 ,$130.48 ,26599800
3/10/2022,$131.46 ,$133.54 ,$131.40 ,$132.68 ,24265200
3/9/2022,$131.40 ,$134.20 ,$130.09 ,$133.87 ,32257440
3/8/2022,$126.25 ,$131.25 ,$125.86 ,$127.28 ,35249560
3/7/2022,$131.90 ,$131.90 ,$126.41 ,$126.46 ,39177900
3/4/2022,$133.38 ,$134.20 ,$130.41 ,$132.12 ,24472240
3/3/2022,$135.98 ,$136.71 ,$133.43 ,$134.31 ,19779300
3/2/2022,$134.61 ,$135.62 ,$133.43 ,$134.75 ,23966740
3/1/2022,$134.48 ,$136.11 ,$133.38 ,$134.17 ,24639920
2/28/2022,$133.28 ,$135.64 ,$132.83 ,$134.89 ,29675680
2/25/2022,$133.53 ,$135.39 ,$131.77 ,$134.52 ,26235860
2/24/2022,$125.00 ,$133.04 ,$124.76 ,$132.67 ,43165080
2/23/2022,$131.08 ,$131.75 ,$127.50 ,$127.59 ,26431280
2/22/2022,$129.99 ,$131.90 ,$127.74 ,$129.40 ,38906580
2/18/2022,$133.04 ,$133.82 ,$130.31 ,$130.47 ,31858600
2/17/2022,$136.15 ,$136.84 ,$132.20 ,$132.31 ,30968120
2/16/2022,$136.43 ,$137.95 ,$134.82 ,$137.49 ,25609660
2/15/2022,$137.47 ,$137.90 ,$135.54 ,$136.43 ,26577560
2/14/2022,$133.37 ,$136.17 ,$133.30 ,$135.30 ,26792800
2/11/2022,$138.75 ,$139.28 ,$133.29 ,$134.13 ,38808800
2/10/2022,$139.50 ,$141.43 ,$138.05 ,$138.60 ,33017700
2/9/2022,$140.85 ,$142.18 ,$140.38 ,$141.45 ,28627160
2/8/2022,$138.99 ,$139.84 ,$136.87 ,$139.21 ,34255040
2/7/2022,$143.71 ,$143.85 ,$138.70 ,$138.94 ,44610740
2/4/2022,$143.02 ,$144.54 ,$139.82 ,$143.02 ,49224400
2/3/2022,$145.30 ,$149.12 ,$142.21 ,$142.65 ,56930140
2/2/2022,$151.86 ,$152.10 ,$145.56 ,$148.04 ,89750760
2/1/2022,$137.84 ,$138.20 ,$134.57 ,$137.88 ,51203200
1/31/2022,$134.20 ,$135.84 ,$132.27 ,$135.70 ,34055560
1/28/2022,$130.00 ,$133.37 ,$128.69 ,$133.29 ,30517560
1/27/2022,$131.36 ,$132.61 ,$128.95 ,$129.12 ,30285020
1/26/2022,$130.59 ,$132.81 ,$127.15 ,$129.24 ,39630880
1/25/2022,$128.44 ,$129.34 ,$126.38 ,$126.74 ,36008600
1/24/2022,$126.03 ,$130.78 ,$124.64 ,$130.37 ,55292040
1/21/2022,$133.01 ,$134.76 ,$130.00 ,$130.09 ,41919220
1/20/2022,$136.51 ,$137.91 ,$133.14 ,$133.51 ,21930560
1/19/2022,$136.94 ,$138.40 ,$135.50 ,$135.65 ,20795280
1/18/2022,$136.60 ,$137.39 ,$135.62 ,$136.29 ,27401960
1/14/2022,$137.50 ,$141.20 ,$137.50 ,$139.79 ,23825920
1/13/2022,$141.84 ,$143.19 ,$138.91 ,$139.13 ,26565080
1/12/2022,$141.55 ,$142.81 ,$141.11 ,$141.65 ,23641580
1/11/2022,$138.18 ,$140.33 ,$136.81 ,$140.02 ,23501240
1/10/2022,$135.10 ,$138.64 ,$133.14 ,$138.57 ,34095680
1/7/2022,$137.91 ,$138.25 ,$135.79 ,$137.00 ,19408240
1/6/2022,$137.50 ,$139.69 ,$136.76 ,$137.55 ,29049040
1/5/2022,$144.18 ,$144.30 ,$137.52 ,$137.65 ,49641520
1/4/2022,$145.55 ,$146.61 ,$143.82 ,$144.42 ,22927780
1/3/2022,$144.48 ,$145.55 ,$143.50 ,$145.07 ,25224500
12/31/2021,$145.54 ,$146.37 ,$144.68 ,$144.68 ,17297700
12/30/2021,$146.45 ,$147.06 ,$145.76 ,$146.00 ,12977020
12/29/2021,$146.43 ,$147.18 ,$145.50 ,$146.50 ,17024720
12/28/2021,$148.37 ,$148.37 ,$145.94 ,$146.45 ,18635840
12/27/2021,$147.46 ,$148.43 ,$147.25 ,$148.06 ,13259320
12/23/2021,$147.09 ,$148.57 ,$146.95 ,$147.14 ,13818680
12/22/2021,$144.10 ,$147.30 ,$143.96 ,$146.95 ,18440480
12/21/2021,$143.15 ,$144.69 ,$141.74 ,$144.22 ,19551940
12/20/2021,$140.68 ,$142.61 ,$140.25 ,$142.40 ,20263520
12/17/2021,$142.71 ,$144.46 ,$141.79 ,$142.80 ,43404700
12/16/2021,$148.08 ,$148.55 ,$144.09 ,$144.84 ,27399740
12/15/2021,$144.37 ,$147.52 ,$142.71 ,$147.37 ,27280960
12/14/2021,$144.77 ,$145.44 ,$142.24 ,$144.97 ,24778800
12/13/2021,$148.44 ,$148.56 ,$146.36 ,$146.70 ,24103920
12/10/2021,$149.10 ,$149.40 ,$147.36 ,$148.68 ,21638460
12/9/2021,$148.18 ,$149.61 ,$147.53 ,$148.11 ,18580600
12/8/2021,$148.33 ,$149.16 ,$147.20 ,$148.72 ,18963940
12/7/2021,$145.95 ,$148.30 ,$145.70 ,$148.04 ,23258280
12/6/2021,$143.57 ,$144.35 ,$140.65 ,$143.80 ,22197700
12/3/2021,$144.50 ,$145.21 ,$141.15 ,$142.52 ,26687480
12/2/2021,$141.82 ,$144.68 ,$140.98 ,$143.78 ,21250700
12/1/2021,$144.21 ,$146.50 ,$141.50 ,$141.62 ,28545780
11/30/2021,$145.45 ,$146.63 ,$142.07 ,$142.45 ,41590520
11/29/2021,$144.30 ,$146.86 ,$144.30 ,$146.11 ,26276120
11/26/2021,$145.02 ,$145.30 ,$142.49 ,$142.81 ,16992120
11/24/2021,$146.35 ,$147.00 ,$145.20 ,$146.72 ,16464060
11/23/2021,$147.11 ,$147.69 ,$144.89 ,$146.76 ,18133140
11/22/2021,$150.14 ,$150.74 ,$147.01 ,$147.08 ,24627700
11/19/2021,$151.00 ,$151.85 ,$149.89 ,$149.95 ,19782960
11/18/2021,$149.15 ,$151.61 ,$149.00 ,$150.71 ,26682400
11/17/2021,$149.23 ,$149.63 ,$148.56 ,$149.06 ,15290820
11/16/2021,$149.17 ,$149.83 ,$148.35 ,$149.08 ,17254860
11/15/2021,$150.00 ,$150.48 ,$148.65 ,$149.39 ,16247340
11/12/2021,$147.83 ,$149.86 ,$146.45 ,$149.65 ,17047660
11/11/2021,$147.11 ,$148.50 ,$146.69 ,$146.75 ,12463100
11/10/2021,$148.01 ,$148.70 ,$145.33 ,$146.63 ,22708320
11/9/2021,$149.75 ,$150.38 ,$147.51 ,$149.25 ,16875560
11/8/2021,$150.00 ,$151.03 ,$149.12 ,$149.35 ,18388140
11/5/2021,$149.35 ,$150.57 ,$148.65 ,$149.24 ,20408140
11/4/2021,$147.20 ,$149.95 ,$146.64 ,$148.68 ,24700800
11/3/2021,$146.28 ,$146.91 ,$145.05 ,$146.79 ,17886600
11/2/2021,$144.81 ,$146.92 ,$144.64 ,$145.86 ,21150580
11/1/2021,$148.17 ,$148.40 ,$143.58 ,$143.77 ,32272100
10/29/2021,$145.52 ,$148.61 ,$145.17 ,$148.27 ,28954500
10/28/2021,$147.30 ,$147.42 ,$144.76 ,$146.13 ,32418060
10/27/2021,$139.90 ,$149.12 ,$139.90 ,$146.43 ,51850920
10/26/2021,$140.61 ,$140.84 ,$139.01 ,$139.67 ,28258740
10/25/2021,$138.81 ,$139.21 ,$136.75 ,$138.77 ,21081700
10/22/2021,$140.35 ,$141.56 ,$137.17 ,$138.63 ,30182640
10/21/2021,$142.19 ,$142.85 ,$141.64 ,$142.78 ,14849920
10/20/2021,$144.22 ,$144.25 ,$141.91 ,$142.42 ,17939500
10/19/2021,$143.29 ,$144.11 ,$143.10 ,$143.82 ,15315840
10/18/2021,$141.21 ,$143.00 ,$141.21 ,$142.96 ,16567200
10/15/2021,$142.20 ,$142.20 ,$141.06 ,$141.68 ,21253360
10/14/2021,$139.95 ,$141.65 ,$139.34 ,$141.41 ,21437560
10/13/2021,$137.75 ,$138.55 ,$136.98 ,$137.90 ,16393280
10/12/2021,$139.64 ,$139.70 ,$136.25 ,$136.71 ,22535020
10/11/2021,$139.80 ,$140.76 ,$138.81 ,$138.85 ,16584760
10/8/2021,$139.91 ,$140.32 ,$139.43 ,$140.06 ,18928420
10/7/2021,$138.86 ,$140.15 ,$138.56 ,$139.19 ,18250460
10/6/2021,$134.63 ,$137.85 ,$134.49 ,$137.35 ,19764320
10/5/2021,$134.00 ,$137.36 ,$134.00 ,$136.18 ,24126740
10/4/2021,$135.70 ,$135.70 ,$131.17 ,$133.77 ,31529900
10/1/2021,$133.55 ,$137.07 ,$133.38 ,$136.46 ,28387300
9/30/2021,$134.33 ,$135.59 ,$133.00 ,$133.27 ,35363980
9/29/2021,$137.11 ,$137.40 ,$134.25 ,$134.52 ,26337220
9/28/2021,$139.09 ,$139.61 ,$135.70 ,$136.18 ,42189660
9/27/2021,$141.59 ,$142.50 ,$140.50 ,$141.50 ,18844080
9/24/2021,$140.95 ,$142.90 ,$140.85 ,$142.63 ,14949340
9/23/2021,$141.61 ,$142.25 ,$141.10 ,$141.83 ,17276100
9/22/2021,$140.05 ,$141.58 ,$139.47 ,$140.94 ,22067800
9/21/2021,$140.12 ,$140.81 ,$138.91 ,$139.65 ,18129380
9/20/2021,$139.00 ,$139.36 ,$137.05 ,$139.02 ,34917720
9/17/2021,$143.80 ,$144.25 ,$141.06 ,$141.46 ,60039820
9/16/2021,$145.12 ,$145.20 ,$143.42 ,$144.37 ,20298840
9/15/2021,$143.76 ,$145.58 ,$142.26 ,$145.21 ,20653420
9/14/2021,$144.16 ,$144.73 ,$142.91 ,$143.41 ,18919140
9/13/2021,$143.20 ,$144.19 ,$142.28 ,$143.47 ,20175620
9/10/2021,$145.44 ,$146.02 ,$141.74 ,$141.92 ,32896620
9/9/2021,$144.88 ,$145.67 ,$144.43 ,$144.91 ,14798560
9/8/2021,$145.39 ,$145.55 ,$144.20 ,$144.88 ,15491660
9/7/2021,$144.75 ,$145.82 ,$144.54 ,$145.52 ,15172600
9/3/2021,$144.15 ,$145.38 ,$143.51 ,$144.78 ,19110480
9/2/2021,$145.95 ,$146.33 ,$144.11 ,$144.22 ,21855800
9/1/2021,$145.65 ,$146.82 ,$145.61 ,$145.84 ,15824680
8/31/2021,$145.88 ,$146.11 ,$145.00 ,$145.46 ,26756420
8/30/2021,$144.70 ,$146.49 ,$144.60 ,$145.47 ,16915900
8/27/2021,$142.11 ,$145.01 ,$142.02 ,$144.55 ,24568240
8/26/2021,$142.62 ,$143.13 ,$142.09 ,$142.12 ,14922000
8/25/2021,$142.88 ,$143.31 ,$142.44 ,$142.95 ,12843060
8/24/2021,$141.54 ,$143.01 ,$141.35 ,$142.40 ,15126260
8/23/2021,$139.00 ,$142.18 ,$138.75 ,$141.10 ,21089680
8/20/2021,$137.08 ,$138.61 ,$136.47 ,$138.44 ,15566740
8/19/2021,$135.47 ,$137.45 ,$135.36 ,$136.91 ,18295920
8/18/2021,$137.12 ,$138.29 ,$136.42 ,$136.57 ,14934460
8/17/2021,$138.19 ,$138.72 ,$136.79 ,$137.30 ,21274020
8/16/2021,$138.00 ,$138.99 ,$136.17 ,$138.92 ,18050840
8/13/2021,$138.36 ,$138.67 ,$138.01 ,$138.41 ,12580580
8/12/2021,$137.71 ,$138.42 ,$136.78 ,$138.39 ,14649400
8/11/2021,$138.28 ,$138.85 ,$137.35 ,$137.69 ,15209660
8/10/2021,$138.08 ,$138.55 ,$137.23 ,$138.10 ,16039080
8/9/2021,$136.95 ,$138.32 ,$136.43 ,$138.00 ,12379560
8/6/2021,$136.30 ,$137.08 ,$136.05 ,$137.04 ,13565020
8/5/2021,$136.03 ,$136.95 ,$135.60 ,$136.94 ,11871780
8/4/2021,$136.25 ,$136.54 ,$135.42 ,$136.03 ,16527140
8/3/2021,$136.00 ,$136.34 ,$134.18 ,$136.28 ,19064000
8/2/2021,$135.48 ,$136.02 ,$134.67 ,$135.99 ,20140040
7/30/2021,$135.51 ,$135.77 ,$134.81 ,$135.22 ,23954500
7/29/2021,$136.38 ,$137.15 ,$136.14 ,$136.54 ,19283340
7/28/2021,$138.56 ,$139.68 ,$136.35 ,$136.38 ,54688340
7/27/2021,$140.01 ,$140.01 ,$135.10 ,$136.80 ,42163060
7/26/2021,$138.25 ,$139.71 ,$137.65 ,$139.64 ,23052460
7/23/2021,$135.26 ,$138.81 ,$134.70 ,$137.82 ,26377740
7/22/2021,$132.65 ,$133.50 ,$132.40 ,$133.33 ,13608140
7/21/2021,$130.79 ,$132.62 ,$130.60 ,$132.60 ,14741640
7/20/2021,$130.00 ,$132.00 ,$129.19 ,$131.10 ,19083120
7/19/2021,$131.16 ,$131.25 ,$128.54 ,$129.25 ,25709320
7/16/2021,$131.64 ,$132.18 ,$130.82 ,$131.85 ,14861180
7/15/2021,$132.50 ,$132.60 ,$130.60 ,$131.27 ,16586320
7/14/2021,$131.90 ,$133.00 ,$131.90 ,$132.08 ,17918540
7/13/2021,$130.88 ,$132.04 ,$130.64 ,$130.99 ,16617960
7/12/2021,$129.83 ,$130.77 ,$129.60 ,$130.56 ,16950920
7/9/2021,$128.94 ,$129.85 ,$128.94 ,$129.57 ,15109320
7/8/2021,$128.25 ,$130.03 ,$128.04 ,$129.18 ,19779500
7/7/2021,$130.34 ,$130.64 ,$129.76 ,$130.08 ,16683720
7/6/2021,$129.45 ,$129.88 ,$128.41 ,$129.77 ,21350340
7/2/2021,$126.84 ,$128.85 ,$126.77 ,$128.72 ,21165120
7/1/2021,$124.85 ,$126.46 ,$124.85 ,$126.37 ,17124600
6/30/2021,$125.65 ,$125.80 ,$124.76 ,$125.32 ,24009560
6/29/2021,$126.77 ,$127.00 ,$125.44 ,$126.02 ,20949560
6/28/2021,$127.00 ,$127.34 ,$125.97 ,$126.82 ,28110860
6/25/2021,$126.96 ,$127.51 ,$126.44 ,$127.00 ,33485940
6/24/2021,$127.05 ,$127.54 ,$126.96 ,$127.28 ,18933240
6/23/2021,$126.55 ,$127.80 ,$126.25 ,$126.46 ,19693160
6/22/2021,$126.45 ,$127.27 ,$126.03 ,$127.00 ,20986200
6/21/2021,$125.74 ,$127.04 ,$125.13 ,$126.46 ,26256520
6/18/2021,$125.71 ,$126.39 ,$124.60 ,$125.57 ,53306200
6/17/2021,$125.52 ,$127.20 ,$125.52 ,$126.37 ,25755820
6/16/2021,$126.25 ,$126.52 ,$124.15 ,$125.70 ,26316760
6/15/2021,$126.52 ,$126.86 ,$125.65 ,$126.03 ,22182600
6/14/2021,$125.67 ,$126.41 ,$125.05 ,$126.35 ,22550440
6/11/2021,$126.25 ,$126.35 ,$124.91 ,$125.70 ,25246180
6/10/2021,$124.70 ,$126.16 ,$124.70 ,$126.08 ,31234660
6/9/2021,$124.98 ,$125.25 ,$124.37 ,$124.57 ,20126740
6/8/2021,$124.00 ,$124.72 ,$123.41 ,$124.14 ,25065060
6/7/2021,$122.57 ,$123.40 ,$122.05 ,$123.30 ,23849060
6/4/2021,$121.13 ,$122.69 ,$120.89 ,$122.59 ,25948680
6/3/2021,$119.75 ,$120.49 ,$119.14 ,$120.23 ,18345820
6/2/2021,$121.77 ,$122.10 ,$120.21 ,$121.06 ,17162100
6/1/2021,$121.10 ,$121.90 ,$120.24 ,$121.49 ,19165780
5/28/2021,$121.10 ,$121.41 ,$120.38 ,$120.58 ,24107640
5/27/2021,$121.85 ,$122.00 ,$120.10 ,$120.13 ,38962260
5/26/2021,$120.64 ,$122.15 ,$120.63 ,$121.68 ,21856380
5/25/2021,$121.00 ,$121.64 ,$120.15 ,$120.45 ,18838560
5/24/2021,$118.35 ,$120.92 ,$118.01 ,$120.33 ,21243780
5/21/2021,$118.30 ,$118.45 ,$117.12 ,$117.26 ,22832640
5/20/2021,$116.40 ,$118.02 ,$116.05 ,$117.80 ,23831860
5/19/2021,$113.22 ,$115.84 ,$113.18 ,$115.44 ,19350880
5/18/2021,$116.85 ,$117.16 ,$115.16 ,$115.17 ,17302380
5/17/2021,$115.47 ,$116.17 ,$114.75 ,$116.07 ,19835840
5/14/2021,$114.59 ,$116.06 ,$114.17 ,$115.81 ,26624960
5/13/2021,$113.05 ,$113.83 ,$112.14 ,$113.10 ,26670160
5/12/2021,$113.09 ,$114.27 ,$111.50 ,$111.95 ,34933280
5/11/2021,$114.59 ,$116.10 ,$114.15 ,$115.44 ,32110960
5/10/2021,$118.74 ,$118.90 ,$116.74 ,$117.08 ,26005420
5/7/2021,$120.00 ,$120.82 ,$119.50 ,$119.93 ,23277840
5/6/2021,$117.53 ,$119.14 ,$117.12 ,$119.07 ,20617180
5/5/2021,$118.42 ,$119.11 ,$117.57 ,$117.84 ,21805500
5/4/2021,$118.49 ,$118.96 ,$115.59 ,$117.71 ,35120300
5/3/2021,$120.14 ,$120.99 ,$119.23 ,$119.76 ,33787780
4/30/2021,$120.22 ,$121.36 ,$120.11 ,$120.51 ,39142600
4/29/2021,$120.52 ,$121.83 ,$120.11 ,$121.49 ,39553540
4/28/2021,$120.36 ,$122.62 ,$118.74 ,$119.00 ,59728780
4/27/2021,$116.80 ,$116.87 ,$115.21 ,$115.36 ,31971660
4/26/2021,$116.00 ,$117.06 ,$115.69 ,$116.34 ,20833000
4/23/2021,$114.17 ,$116.29 ,$113.91 ,$115.77 ,28703240
4/22/2021,$114.66 ,$115.19 ,$112.82 ,$113.40 ,21096160
4/21/2021,$114.26 ,$114.77 ,$112.93 ,$114.66 ,23934620
4/20/2021,$115.39 ,$115.48 ,$113.59 ,$114.68 ,21774980
4/19/2021,$114.60 ,$115.92 ,$114.39 ,$115.12 ,24688900
4/16/2021,$115.15 ,$115.32 ,$114.22 ,$114.89 ,22601800
4/15/2021,$113.85 ,$115.33 ,$113.30 ,$114.83 ,27472240
4/14/2021,$113.76 ,$113.90 ,$112.46 ,$112.74 ,20219340
4/13/2021,$113.07 ,$113.86 ,$112.80 ,$113.36 ,23316080
4/12/2021,$113.31 ,$113.77 ,$111.92 ,$112.74 ,31317020
4/9/2021,$112.84 ,$114.45 ,$112.69 ,$114.29 ,20887300
4/8/2021,$113.90 ,$114.20 ,$112.88 ,$113.27 ,27165180
4/7/2021,$111.31 ,$112.75 ,$111.27 ,$112.48 ,25797220
4/6/2021,$111.13 ,$111.88 ,$110.74 ,$111.24 ,27060720
4/5/2021,$107.65 ,$111.87 ,$107.58 ,$111.28 ,43297500
4/1/2021,$104.90 ,$107.15 ,$104.84 ,$106.89 ,33979560
3/31/2021,$102.96 ,$104.67 ,$102.84 ,$103.43 ,29198600
3/30/2021,$102.88 ,$103.54 ,$102.20 ,$102.78 ,20735480
3/29/2021,$101.39 ,$102.92 ,$100.78 ,$102.80 ,24595540
3/26/2021,$101.94 ,$102.55 ,$100.70 ,$101.78 ,29876000
3/25/2021,$102.24 ,$102.94 ,$100.54 ,$102.22 ,28378140
3/24/2021,$103.27 ,$103.91 ,$102.08 ,$102.25 ,23080580
3/23/2021,$102.59 ,$103.62 ,$101.96 ,$102.65 ,27339940
3/22/2021,$102.09 ,$102.90 ,$101.30 ,$101.93 ,39096320
3/19/2021,$102.10 ,$102.66 ,$100.88 ,$102.16 ,46297860
3/18/2021,$103.05 ,$103.78 ,$101.68 ,$101.81 ,27248600
3/17/2021,$103.80 ,$105.49 ,$102.70 ,$104.55 ,25980320
3/16/2021,$103.95 ,$106.18 ,$103.50 ,$104.63 ,29831280
3/15/2021,$103.12 ,$103.35 ,$102.18 ,$103.32 ,25966500
3/12/2021,$104.25 ,$104.51 ,$102.38 ,$103.10 ,34515880
3/11/2021,$103.70 ,$106.29 ,$103.62 ,$105.74 ,24781600
3/10/2021,$103.59 ,$103.75 ,$101.67 ,$102.75 ,25371840
3/9/2021,$103.50 ,$103.90 ,$102.39 ,$102.64 ,33946120
3/8/2021,$105.06 ,$106.44 ,$101.08 ,$101.21 ,32948580
3/5/2021,$103.66 ,$105.91 ,$102.32 ,$105.43 ,43904360
3/4/2021,$101.17 ,$104.46 ,$101.01 ,$102.45 ,42360120
3/3/2021,$103.36 ,$104.43 ,$100.50 ,$101.34 ,29683620
3/2/2021,$103.81 ,$105.22 ,$103.56 ,$103.79 ,22691900
3/1/2021,$102.83 ,$104.33 ,$102.31 ,$104.08 ,28102300
2/26/2021,$102.53 ,$103.55 ,$100.80 ,$101.84 ,41676020
2/25/2021,$103.37 ,$104.74 ,$101.06 ,$101.57 ,36568640
2/24/2021,$102.09 ,$105.04 ,$101.91 ,$104.76 ,24966980
2/23/2021,$101.25 ,$104.10 ,$100.10 ,$103.54 ,33347540
2/22/2021,$103.35 ,$104.57 ,$103.11 ,$103.24 ,27350660
2/19/2021,$105.96 ,$106.53 ,$104.87 ,$105.06 ,29152240
2/18/2021,$105.52 ,$106.64 ,$105.19 ,$105.86 ,22437100
2/17/2021,$105.00 ,$106.68 ,$104.95 ,$106.42 ,21418820
2/16/2021,$105.22 ,$107.63 ,$105.22 ,$106.10 ,22676760
2/12/2021,$104.51 ,$105.44 ,$104.16 ,$105.21 ,17117300
2/11/2021,$104.98 ,$105.10 ,$103.87 ,$104.79 ,18913000
2/10/2021,$104.71 ,$105.42 ,$103.15 ,$104.77 ,22709280
2/9/2021,$103.93 ,$105.26 ,$103.93 ,$104.18 ,17797000
2/8/2021,$105.30 ,$106.18 ,$103.60 ,$104.65 ,24848220
2/5/2021,$103.50 ,$105.13 ,$102.97 ,$104.90 ,30702700
2/4/2021,$103.44 ,$103.93 ,$102.13 ,$103.12 ,37046580
2/3/2021,$103.65 ,$105.83 ,$100.92 ,$103.50 ,82363400
2/2/2021,$96.13 ,$97.79 ,$95.72 ,$96.38 ,45474460
2/1/2021,$92.68 ,$96.12 ,$92.55 ,$95.07 ,32043640
1/29/2021,$92.31 ,$92.86 ,$90.51 ,$91.79 ,32251040
1/28/2021,$92.20 ,$94.94 ,$92.13 ,$93.16 ,35462760
1/27/2021,$94.13 ,$94.50 ,$90.45 ,$91.54 ,54965840
1/26/2021,$94.44 ,$96.25 ,$94.21 ,$95.86 ,26262780
1/25/2021,$96.03 ,$96.48 ,$93.38 ,$94.97 ,38546400
1/22/2021,$94.78 ,$95.55 ,$94.09 ,$95.05 ,25444640
1/21/2021,$94.90 ,$96.74 ,$94.36 ,$94.56 ,41278640
1/20/2021,$91.57 ,$95.19 ,$91.28 ,$94.35 ,49805160
1/19/2021,$87.61 ,$90.46 ,$87.07 ,$89.54 ,34692280
1/15/2021,$86.91 ,$87.80 ,$86.08 ,$86.81 ,26843400
1/14/2021,$87.68 ,$88.75 ,$86.67 ,$87.01 ,23589540
1/13/2021,$86.93 ,$88.25 ,$86.90 ,$87.72 ,21882620
1/12/2021,$87.70 ,$88.90 ,$86.27 ,$87.33 ,27153820
1/11/2021,$89.30 ,$89.72 ,$88.03 ,$88.34 ,24194700
1/8/2021,$89.40 ,$90.49 ,$88.68 ,$90.36 ,41020040
1/7/2021,$87.00 ,$89.42 ,$86.85 ,$89.36 ,45300440
1/6/2021,$85.13 ,$87.40 ,$84.95 ,$86.76 ,52042280
1/5/2021,$86.25 ,$87.38 ,$85.90 ,$87.05 ,22906940
1/4/2021,$87.88 ,$88.03 ,$85.39 ,$86.41 ,38037100
12/31/2020,$86.77 ,$87.95 ,$86.77 ,$87.59 ,20244800
12/30/2020,$88.10 ,$88.25 ,$86.28 ,$86.98 ,26122600
12/29/2020,$89.39 ,$89.62 ,$87.80 ,$87.94 ,25987900
12/28/2020,$87.58 ,$89.54 ,$87.32 ,$88.80 ,27860660
12/24/2020,$86.75 ,$87.30 ,$86.46 ,$86.94 ,6935060
12/23/2020,$86.41 ,$87.40 ,$86.25 ,$86.62 ,20678340
12/22/2020,$86.72 ,$86.87 ,$85.63 ,$86.18 ,18766920
12/21/2020,$85.68 ,$87.04 ,$84.95 ,$86.97 ,36567560
12/18/2020,$87.71 ,$87.76 ,$86.01 ,$86.55 ,80327060
12/17/2020,$88.43 ,$88.59 ,$86.93 ,$87.40 ,32494880
12/16/2020,$88.64 ,$88.65 ,$87.80 ,$88.15 ,30270860
12/15/2020,$88.22 ,$88.57 ,$87.50 ,$88.39 ,29645220
12/14/2020,$88.75 ,$89.87 ,$87.86 ,$88.00 ,32003460
12/11/2020,$88.15 ,$89.22 ,$88.00 ,$89.09 ,24413020
12/10/2020,$88.49 ,$89.07 ,$87.02 ,$88.77 ,27256960
12/9/2020,$90.60 ,$91.71 ,$88.39 ,$89.21 ,30151160
12/8/2020,$90.51 ,$91.10 ,$89.81 ,$90.93 ,21926380
12/7/2020,$90.95 ,$91.62 ,$90.29 ,$90.97 ,26418920
12/4/2020,$91.23 ,$91.66 ,$90.85 ,$91.40 ,27563320
12/3/2020,$91.20 ,$92.36 ,$91.13 ,$91.34 ,24545960
12/2/2020,$89.91 ,$91.78 ,$89.47 ,$91.40 ,24440640
12/1/2020,$88.72 ,$91.24 ,$88.47 ,$89.91 ,34780900
11/30/2020,$89.06 ,$89.40 ,$87.75 ,$88.04 ,36476720
11/27/2020,$88.65 ,$90.20 ,$88.62 ,$89.66 ,17698320
11/25/2020,$88.64 ,$88.93 ,$87.83 ,$88.57 ,20922440
11/24/2020,$86.53 ,$88.58 ,$86.38 ,$88.44 ,31594060
11/23/2020,$87.48 ,$87.70 ,$85.89 ,$86.74 ,43239500
11/20/2020,$88.26 ,$88.70 ,$87.09 ,$87.11 ,46273100
11/19/2020,$86.92 ,$88.48 ,$86.85 ,$88.20 ,24998200
11/18/2020,$88.26 ,$88.67 ,$87.31 ,$87.34 ,23469320
11/17/2020,$88.85 ,$89.25 ,$88.35 ,$88.51 ,22942280
11/16/2020,$88.59 ,$89.95 ,$88.38 ,$89.07 ,24935700
11/13/2020,$87.88 ,$89.05 ,$87.23 ,$88.85 ,30011480
11/12/2020,$87.38 ,$88.41 ,$87.28 ,$87.49 ,24975080
11/11/2020,$87.50 ,$88.21 ,$87.37 ,$87.64 ,25279320
11/10/2020,$86.55 ,$88.15 ,$85.87 ,$87.02 ,52722840
11/9/2020,$89.55 ,$90.90 ,$88.00 ,$88.15 ,45365400
11/6/2020,$87.70 ,$88.62 ,$87.02 ,$88.09 ,33224500
11/5/2020,$89.05 ,$89.68 ,$87.53 ,$88.17 ,41316240
11/4/2020,$85.51 ,$88.57 ,$85.30 ,$87.46 ,71418540
11/3/2020,$81.59 ,$83.09 ,$80.83 ,$82.51 ,33233060
11/2/2020,$81.41 ,$83.04 ,$80.80 ,$81.30 ,50708920
10/30/2020,$83.61 ,$84.35 ,$80.22 ,$81.05 ,86617240
10/29/2020,$76.12 ,$79.69 ,$76.11 ,$78.36 ,40061280
10/28/2020,$77.99 ,$78.07 ,$75.73 ,$75.83 ,36679180
10/27/2020,$79.78 ,$80.34 ,$79.14 ,$80.21 ,24580040
10/26/2020,$81.25 ,$81.91 ,$78.83 ,$79.52 ,37065080
10/23/2020,$81.30 ,$82.12 ,$81.03 ,$82.05 ,27516880
10/22/2020,$79.65 ,$81.10 ,$79.25 ,$80.77 ,28680840
10/21/2020,$78.67 ,$80.94 ,$78.58 ,$79.67 ,51366900
10/20/2020,$76.35 ,$78.88 ,$76.28 ,$77.80 ,44851440
10/19/2020,$79.02 ,$79.41 ,$76.40 ,$76.73 ,32141500
10/16/2020,$78.29 ,$79.06 ,$78.15 ,$78.65 ,28702740
10/15/2020,$77.36 ,$78.76 ,$77.25 ,$77.96 ,30816340
10/14/2020,$78.93 ,$79.38 ,$77.53 ,$78.40 ,38619800
10/13/2020,$79.19 ,$79.50 ,$78.16 ,$78.58 ,32020860
10/12/2020,$77.15 ,$79.69 ,$76.63 ,$78.46 ,49651200
10/9/2020,$74.74 ,$75.83 ,$74.47 ,$75.76 ,28710840
10/8/2020,$73.25 ,$74.50 ,$73.25 ,$74.30 ,23756620
10/7/2020,$73.21 ,$73.45 ,$71.80 ,$73.01 ,34923120
10/6/2020,$73.78 ,$74.34 ,$72.43 ,$72.67 ,24908460
10/5/2020,$73.31 ,$74.41 ,$73.21 ,$74.30 ,22265140
10/2/2020,$73.10 ,$74.16 ,$72.55 ,$72.92 ,25681420
10/1/2020,$74.21 ,$74.95 ,$73.96 ,$74.50 ,35589940
9/30/2020,$73.34 ,$74.49 ,$72.99 ,$73.48 ,34032160
9/29/2020,$73.52 ,$73.83 ,$72.94 ,$73.47 ,19582040
9/28/2020,$73.71 ,$73.84 ,$72.47 ,$73.23 ,40158820
9/25/2020,$71.63 ,$72.50 ,$70.67 ,$72.25 ,26467500
9/24/2020,$70.55 ,$72.19 ,$70.49 ,$71.41 ,29004320
9/23/2020,$72.94 ,$73.05 ,$70.39 ,$70.76 ,33147000
9/22/2020,$72.50 ,$73.48 ,$71.73 ,$73.27 ,31664020
9/21/2020,$72.00 ,$72.42 ,$70.33 ,$71.56 ,57776540
9/18/2020,$74.90 ,$75.15 ,$71.86 ,$73.00 ,62077640
9/17/2020,$74.80 ,$75.41 ,$73.50 ,$74.78 ,37595020
9/16/2020,$77.78 ,$78.10 ,$75.99 ,$76.05 ,26245980
9/15/2020,$76.80 ,$77.98 ,$76.59 ,$77.07 ,26621640
9/14/2020,$76.95 ,$78.20 ,$75.79 ,$75.96 ,33931780
9/11/2020,$76.80 ,$78.76 ,$74.87 ,$76.04 ,31941740
9/10/2020,$78.03 ,$79.20 ,$76.29 ,$76.60 ,32371140
9/9/2020,$77.88 ,$78.45 ,$76.80 ,$77.85 ,35494080
9/8/2020,$76.68 ,$78.19 ,$76.40 ,$76.62 ,52217680
9/4/2020,$81.21 ,$82.26 ,$77.38 ,$79.55 ,52171360
9/3/2020,$85.49 ,$85.49 ,$80.75 ,$82.09 ,62155260
9/2/2020,$83.69 ,$86.66 ,$83.32 ,$86.41 ,50223600
9/1/2020,$81.83 ,$83.29 ,$81.61 ,$83.04 ,36533100
8/31/2020,$82.39 ,$82.40 ,$81.52 ,$81.71 ,36468120
8/28/2020,$81.67 ,$82.36 ,$81.54 ,$82.22 ,29995640
8/27/2020,$82.68 ,$82.75 ,$81.29 ,$81.72 ,37232040
8/26/2020,$80.40 ,$82.96 ,$80.18 ,$82.62 ,71621440
8/25/2020,$79.10 ,$80.58 ,$79.10 ,$80.41 ,42641680
8/24/2020,$79.70 ,$80.71 ,$79.03 ,$79.41 ,28204580
8/21/2020,$78.85 ,$79.89 ,$78.40 ,$79.02 ,28929060
8/20/2020,$77.17 ,$79.29 ,$76.91 ,$79.09 ,34137540
8/19/2020,$77.67 ,$78.68 ,$77.20 ,$77.38 ,33212220
8/18/2020,$76.31 ,$78.12 ,$76.19 ,$77.93 ,40541720
8/17/2020,$75.73 ,$76.28 ,$75.40 ,$75.90 ,27572000
8/14/2020,$75.78 ,$76.10 ,$75.14 ,$75.39 ,27104000
8/13/2020,$75.52 ,$76.86 ,$75.40 ,$75.92 ,29104160
8/12/2020,$74.28 ,$75.62 ,$74.26 ,$75.33 ,28753100
8/11/2020,$74.62 ,$75.50 ,$73.90 ,$74.02 ,29087300
8/10/2020,$74.36 ,$75.20 ,$73.65 ,$74.81 ,25790600
8/7/2020,$75.00 ,$75.84 ,$74.08 ,$74.72 ,31556520
8/6/2020,$73.59 ,$75.12 ,$73.30 ,$75.01 ,39907360
8/5/2020,$73.47 ,$74.12 ,$73.17 ,$73.68 ,39599140
8/4/2020,$73.83 ,$74.28 ,$72.93 ,$73.25 ,38069780
8/3/2020,$74.33 ,$74.52 ,$73.28 ,$73.72 ,46630280
7/31/2020,$75.25 ,$75.45 ,$72.70 ,$74.15 ,68580720
7/30/2020,$74.85 ,$76.89 ,$74.61 ,$76.57 ,33427920
7/29/2020,$75.32 ,$76.56 ,$75.07 ,$76.10 ,22130680
7/28/2020,$76.26 ,$76.32 ,$74.88 ,$75.02 ,34043480
7/27/2020,$75.78 ,$77.05 ,$75.76 ,$76.51 ,24919600
7/24/2020,$74.95 ,$75.88 ,$74.42 ,$75.59 ,30888080
7/23/2020,$78.35 ,$78.59 ,$75.37 ,$75.78 ,32552680
7/22/2020,$78.03 ,$78.50 ,$77.31 ,$78.42 ,18639700
7/21/2020,$79.35 ,$79.35 ,$77.71 ,$77.92 ,24372900
7/20/2020,$75.76 ,$78.51 ,$75.18 ,$78.29 ,31145040
7/17/2020,$76.08 ,$76.17 ,$74.92 ,$75.78 ,29140200
7/16/2020,$75.00 ,$75.93 ,$74.32 ,$75.90 ,30386900
7/15/2020,$76.16 ,$76.77 ,$74.90 ,$75.68 ,32213680
7/14/2020,$74.52 ,$76.15 ,$74.18 ,$76.03 ,31700320
7/13/2020,$77.50 ,$78.86 ,$75.26 ,$75.57 ,36928480
7/10/2020,$75.31 ,$77.19 ,$74.83 ,$77.09 ,37134080
7/9/2020,$75.32 ,$76.14 ,$74.40 ,$75.55 ,28466440
7/8/2020,$74.72 ,$75.29 ,$74.28 ,$74.80 ,24993160
7/7/2020,$74.50 ,$75.84 ,$74.18 ,$74.26 ,29163440
7/6/2020,$74.00 ,$75.33 ,$73.64 ,$74.79 ,31279940
7/2/2020,$72.35 ,$74.15 ,$72.32 ,$73.24 ,37189600
7/1/2020,$70.56 ,$72.15 ,$70.49 ,$71.90 ,35503340
6/30/2020,$69.52 ,$70.93 ,$69.20 ,$70.68 ,40847620
6/29/2020,$67.91 ,$69.78 ,$67.35 ,$69.75 ,36203600
6/26/2020,$71.57 ,$71.67 ,$67.60 ,$68.00 ,85353960
6/25/2020,$71.50 ,$72.15 ,$71.00 ,$72.07 ,24609480
6/24/2020,$73.08 ,$73.77 ,$71.49 ,$71.60 ,35120440
6/23/2020,$72.78 ,$73.80 ,$72.26 ,$73.22 ,28595280
6/22/2020,$71.45 ,$72.64 ,$71.16 ,$72.59 ,30848800
6/19/2020,$72.20 ,$72.39 ,$71.07 ,$71.59 ,63157500
6/18/2020,$72.46 ,$72.57 ,$71.35 ,$71.80 ,31638320
6/17/2020,$72.36 ,$73.00 ,$71.57 ,$72.56 ,30992300
6/16/2020,$72.26 ,$72.75 ,$71.30 ,$72.14 ,34232280
6/15/2020,$69.54 ,$71.24 ,$69.40 ,$70.99 ,30121920
6/12/2020,$71.42 ,$71.85 ,$69.30 ,$70.66 ,38927340
6/11/2020,$72.12 ,$72.72 ,$70.10 ,$70.19 ,39826640
6/10/2020,$72.98 ,$73.71 ,$72.81 ,$73.29 ,30503060
6/9/2020,$72.27 ,$73.40 ,$72.16 ,$72.81 ,28184980
6/8/2020,$71.12 ,$72.40 ,$71.12 ,$72.33 ,28083560
6/5/2020,$70.66 ,$72.25 ,$70.30 ,$71.92 ,34704880
6/4/2020,$71.52 ,$71.95 ,$70.24 ,$70.61 ,29685440
6/3/2020,$71.92 ,$72.33 ,$71.49 ,$71.82 ,25123720
6/2/2020,$71.53 ,$71.98 ,$70.94 ,$71.96 ,25562560
6/1/2020,$70.92 ,$71.90 ,$70.90 ,$71.59 ,24342800
5/29/2020,$70.85 ,$71.63 ,$70.67 ,$71.45 ,36761180
5/28/2020,$69.84 ,$72.04 ,$69.80 ,$70.84 ,33879520
5/27/2020,$70.86 ,$71.09 ,$69.56 ,$70.89 ,33722840
5/26/2020,$71.86 ,$72.05 ,$70.61 ,$70.85 ,41212860
5/22/2020,$69.84 ,$70.64 ,$69.59 ,$70.52 ,26188160
5/21/2020,$70.40 ,$70.77 ,$69.67 ,$70.14 ,27703880
5/20/2020,$69.48 ,$70.52 ,$69.36 ,$70.34 ,33107500
5/19/2020,$69.35 ,$69.60 ,$68.67 ,$68.67 ,25612980
5/18/2020,$68.09 ,$69.62 ,$67.71 ,$69.20 ,36479280
5/15/2020,$67.50 ,$68.72 ,$66.95 ,$68.66 ,34154940
5/14/2020,$66.75 ,$67.87 ,$66.20 ,$67.81 ,32061540
5/13/2020,$68.85 ,$69.27 ,$66.42 ,$67.47 ,36251700
5/12/2020,$70.36 ,$70.75 ,$68.74 ,$68.79 ,27812000
5/11/2020,$68.91 ,$70.83 ,$68.86 ,$70.16 ,28242320
5/8/2020,$69.16 ,$69.94 ,$68.77 ,$69.42 ,27761360
5/7/2020,$68.30 ,$68.88 ,$67.76 ,$68.63 ,27995180
5/6/2020,$68.08 ,$68.56 ,$67.36 ,$67.37 ,24308460
5/5/2020,$66.90 ,$68.70 ,$66.87 ,$67.56 ,33030660
5/4/2020,$65.41 ,$66.38 ,$64.95 ,$66.34 ,30080340
5/1/2020,$66.43 ,$67.60 ,$65.55 ,$66.03 ,41452780
4/30/2020,$66.24 ,$67.64 ,$66.12 ,$67.43 ,53378120
4/29/2020,$67.07 ,$68.00 ,$66.27 ,$67.07 ,75872480
4/28/2020,$64.40 ,$64.40 ,$61.61 ,$61.68 ,59026180
4/27/2020,$64.80 ,$64.81 ,$63.45 ,$63.79 ,32011260
4/24/2020,$63.06 ,$64.02 ,$62.47 ,$63.97 ,32807880
4/23/2020,$63.58 ,$64.67 ,$63.28 ,$63.82 ,31324060
4/22/2020,$62.28 ,$64.28 ,$62.10 ,$63.16 ,41862800
4/21/2020,$62.35 ,$62.71 ,$60.49 ,$60.82 ,43060060
4/20/2020,$63.55 ,$64.08 ,$63.07 ,$63.33 ,33909760
4/17/2020,$64.24 ,$64.72 ,$63.56 ,$64.16 ,38980840
4/16/2020,$63.71 ,$63.95 ,$62.13 ,$63.17 ,50361980
4/15/2020,$62.28 ,$64.02 ,$62.02 ,$63.12 ,33434060
4/14/2020,$62.25 ,$64.10 ,$61.85 ,$63.46 ,49407060
4/13/2020,$60.46 ,$61.03 ,$59.38 ,$60.88 ,34796560
4/9/2020,$61.20 ,$61.28 ,$59.84 ,$60.57 ,43508420
4/8/2020,$60.33 ,$60.95 ,$59.41 ,$60.51 ,39502700
4/7/2020,$61.05 ,$61.25 ,$59.11 ,$59.33 ,47746580
4/6/2020,$56.90 ,$59.73 ,$56.55 ,$59.35 ,53294460
4/3/2020,$55.95 ,$56.18 ,$53.99 ,$54.89 ,46268000
4/2/2020,$54.91 ,$56.34 ,$54.82 ,$56.04 ,39297620
4/1/2020,$56.10 ,$56.48 ,$54.87 ,$55.28 ,46883460
3/31/2020,$57.37 ,$58.77 ,$56.91 ,$58.14 ,49759660
3/30/2020,$56.25 ,$57.58 ,$54.82 ,$57.34 ,51481220
3/27/2020,$56.28 ,$57.53 ,$55.30 ,$55.54 ,64169900
3/26/2020,$55.59 ,$58.50 ,$54.68 ,$58.09 ,71475100
3/25/2020,$56.32 ,$57.45 ,$54.30 ,$55.12 ,81630560
3/24/2020,$55.19 ,$56.75 ,$54.53 ,$56.72 ,66889000
3/23/2020,$53.07 ,$53.57 ,$50.68 ,$52.83 ,80882740
3/20/2020,$56.79 ,$57.20 ,$53.27 ,$53.62 ,72035000
3/19/2020,$54.65 ,$57.90 ,$53.01 ,$55.76 ,73022120
3/18/2020,$52.83 ,$55.33 ,$51.86 ,$54.84 ,84668700
3/17/2020,$54.66 ,$56.54 ,$52.80 ,$55.99 ,77229780
3/16/2020,$54.80 ,$57.61 ,$53.72 ,$54.22 ,85047300
3/13/2020,$58.95 ,$60.99 ,$55.86 ,$60.99 ,74002500
3/12/2020,$56.30 ,$59.69 ,$55.67 ,$55.75 ,84534960
3/11/2020,$62.49 ,$63.05 ,$59.80 ,$60.77 ,52224580
3/10/2020,$63.00 ,$64.06 ,$60.94 ,$64.02 ,52227460
3/9/2020,$60.27 ,$62.74 ,$60.00 ,$60.78 ,67307300
3/6/2020,$63.85 ,$65.31 ,$63.05 ,$64.92 ,53212560
3/5/2020,$67.51 ,$67.95 ,$65.26 ,$65.95 ,51225760
3/4/2020,$67.96 ,$69.40 ,$67.16 ,$69.33 ,38266300
3/3/2020,$69.97 ,$70.51 ,$66.60 ,$67.07 ,48046520
3/2/2020,$67.58 ,$69.54 ,$66.34 ,$69.46 ,48629360
2/28/2020,$63.88 ,$67.06 ,$63.55 ,$66.97 ,75812360
2/27/2020,$68.10 ,$68.59 ,$65.86 ,$65.90 ,59566000
2/26/2020,$69.81 ,$70.79 ,$68.95 ,$69.66 ,44080740
2/25/2020,$71.65 ,$71.91 ,$69.12 ,$69.42 ,49565560
2/24/2020,$71.31 ,$71.85 ,$70.57 ,$71.08 ,57341060
2/21/2020,$75.40 ,$75.61 ,$74.02 ,$74.26 ,34645460
2/20/2020,$76.10 ,$76.48 ,$75.34 ,$75.91 ,21931040
2/19/2020,$76.25 ,$76.61 ,$76.07 ,$76.33 ,18985360
2/18/2020,$75.75 ,$76.58 ,$75.63 ,$75.98 ,22422800
2/14/2020,$75.78 ,$76.04 ,$75.37 ,$76.04 ,23956720
2/13/2020,$75.63 ,$76.36 ,$75.23 ,$75.73 ,18594600
2/12/2020,$75.72 ,$76.03 ,$75.41 ,$75.91 ,23351300
2/11/2020,$75.59 ,$76.48 ,$75.28 ,$75.44 ,26892660
2/10/2020,$73.72 ,$75.48 ,$73.72 ,$75.43 ,28397520
2/7/2020,$73.37 ,$74.29 ,$73.32 ,$73.96 ,23445400
2/6/2020,$72.52 ,$74.10 ,$72.48 ,$73.81 ,33587680
2/5/2020,$73.12 ,$73.19 ,$71.53 ,$72.41 ,39723140
2/4/2020,$72.85 ,$73.48 ,$71.32 ,$72.35 ,78659080
2/3/2020,$73.10 ,$74.50 ,$72.95 ,$74.30 ,61104320
1/31/2020,$73.45 ,$73.51 ,$71.43 ,$71.71 ,48344280
1/30/2020,$72.00 ,$72.86 ,$71.82 ,$72.79 ,26788420
1/29/2020,$72.94 ,$73.27 ,$72.34 ,$72.93 ,21573340
1/28/2020,$72.15 ,$72.80 ,$71.62 ,$72.63 ,31548440
1/27/2020,$71.55 ,$71.90 ,$71.06 ,$71.70 ,35104020
1/24/2020,$74.68 ,$74.77 ,$73.26 ,$73.34 ,35692880
1/23/2020,$74.38 ,$74.78 ,$74.11 ,$74.33 ,27027080
1/22/2020,$74.55 ,$75.16 ,$74.25 ,$74.30 ,32216920
1/21/2020,$73.96 ,$74.59 ,$73.56 ,$74.22 ,40735600
1/17/2020,$73.15 ,$74.06 ,$72.91 ,$74.02 ,47924300
1/16/2020,$72.37 ,$72.60 ,$72.05 ,$72.59 ,23473760
1/15/2020,$71.51 ,$72.07 ,$71.51 ,$71.96 ,25653700
1/14/2020,$71.95 ,$72.09 ,$71.42 ,$71.54 ,31209060
1/13/2020,$71.81 ,$72.03 ,$71.30 ,$71.96 ,33069640
1/10/2020,$71.38 ,$71.75 ,$70.92 ,$71.49 ,36431320
1/9/2020,$71.03 ,$71.37 ,$70.51 ,$70.99 ,30053280
1/8/2020,$69.60 ,$70.58 ,$69.54 ,$70.22 ,30583540
1/7/2020,$69.90 ,$70.15 ,$69.52 ,$69.67 ,30233860
1/6/2020,$67.50 ,$69.83 ,$67.50 ,$69.71 ,34662980
1/3/2020,$67.39 ,$68.63 ,$67.28 ,$68.03 ,23740120
1/2/2020,$67.08 ,$68.41 ,$67.08 ,$68.37 ,28134620
12/31/2019,$66.51 ,$66.90 ,$66.45 ,$66.85 ,19249360
12/30/2019,$67.50 ,$67.65 ,$66.70 ,$66.81 ,21026460
12/27/2019,$68.15 ,$68.23 ,$67.47 ,$67.59 ,20774360
12/26/2019,$67.31 ,$68.07 ,$67.22 ,$68.02 ,13355080
12/24/2019,$67.43 ,$67.51 ,$67.14 ,$67.18 ,6950360
12/23/2019,$67.79 ,$67.99 ,$67.33 ,$67.44 ,17664000
12/20/2019,$68.17 ,$68.18 ,$67.45 ,$67.48 ,66338100
12/19/2019,$67.59 ,$67.91 ,$67.45 ,$67.80 ,29402240
12/18/2019,$67.83 ,$68.02 ,$67.55 ,$67.63 ,33141380
12/17/2019,$68.14 ,$68.25 ,$67.57 ,$67.76 ,37105180
12/16/2019,$67.83 ,$68.23 ,$67.63 ,$68.06 ,27949020
12/13/2019,$67.40 ,$67.65 ,$67.19 ,$67.39 ,31000560
12/12/2019,$67.30 ,$67.79 ,$67.03 ,$67.51 ,25634440
12/11/2019,$67.54 ,$67.56 ,$67.13 ,$67.25 ,17015920
12/10/2019,$67.08 ,$67.50 ,$66.80 ,$67.23 ,21893060
12/9/2019,$66.90 ,$67.97 ,$66.89 ,$67.18 ,27115900
12/6/2019,$66.67 ,$67.20 ,$66.67 ,$67.03 ,26310200
12/5/2019,$66.40 ,$66.47 ,$65.82 ,$66.41 ,24256360
12/4/2019,$65.35 ,$66.29 ,$65.24 ,$66.03 ,30762200
12/3/2019,$63.98 ,$64.92 ,$63.95 ,$64.76 ,25372940
12/2/2019,$65.05 ,$65.29 ,$64.05 ,$64.50 ,30237020
11/29/2019,$65.36 ,$65.51 ,$65.20 ,$65.25 ,11739620
11/27/2019,$65.75 ,$65.92 ,$65.48 ,$65.65 ,19926580
11/26/2019,$65.49 ,$65.74 ,$65.25 ,$65.68 ,21395900
11/25/2019,$64.96 ,$65.57 ,$64.91 ,$65.33 ,20729740
11/22/2019,$65.28 ,$65.44 ,$64.57 ,$64.77 ,27730120
11/21/2019,$65.07 ,$65.63 ,$64.65 ,$65.07 ,19909980
11/20/2019,$65.59 ,$65.75 ,$64.56 ,$65.15 ,26196700
11/19/2019,$66.39 ,$66.39 ,$65.64 ,$65.77 ,25387440
11/18/2019,$66.61 ,$66.78 ,$65.88 ,$66.04 ,29761660
11/15/2019,$65.95 ,$66.74 ,$65.71 ,$66.74 ,35659100
11/14/2019,$64.88 ,$65.85 ,$64.78 ,$65.57 ,23886100
11/13/2019,$64.70 ,$65.22 ,$64.68 ,$64.90 ,17077220
11/12/2019,$65.00 ,$65.50 ,$64.79 ,$64.94 ,21717180
11/11/2019,$65.16 ,$65.32 ,$64.87 ,$64.96 ,20248580
11/8/2019,$65.26 ,$65.90 ,$65.22 ,$65.57 ,25038320
11/7/2019,$64.71 ,$66.19 ,$64.71 ,$65.44 ,40599400
11/6/2019,$64.47 ,$64.69 ,$64.13 ,$64.59 ,23059540
11/5/2019,$64.64 ,$64.95 ,$64.56 ,$64.60 ,25654220
11/4/2019,$63.82 ,$64.71 ,$63.82 ,$64.57 ,30019280
11/1/2019,$63.25 ,$63.73 ,$63.03 ,$63.69 ,33401440
10/31/2019,$63.06 ,$63.38 ,$62.54 ,$63.01 ,29113020
10/30/2019,$62.65 ,$63.47 ,$62.60 ,$63.06 ,28177020
10/29/2019,$63.81 ,$64.08 ,$62.86 ,$63.13 ,37727600
10/28/2019,$63.77 ,$64.97 ,$63.63 ,$64.50 ,52264740
10/25/2019,$62.55 ,$63.48 ,$62.50 ,$63.26 ,24261020
10/24/2019,$63.05 ,$63.20 ,$62.69 ,$63.05 ,20797360
10/23/2019,$62.12 ,$62.99 ,$62.12 ,$62.96 ,18571900
10/22/2019,$62.39 ,$62.53 ,$62.07 ,$62.14 ,20957020
10/21/2019,$62.61 ,$62.73 ,$62.03 ,$62.31 ,20760840
10/18/2019,$62.67 ,$62.94 ,$62.05 ,$62.27 ,27056780
10/17/2019,$62.55 ,$63.17 ,$62.50 ,$62.65 ,19610200
10/16/2019,$62.06 ,$62.74 ,$61.92 ,$62.18 ,23363480
10/15/2019,$61.02 ,$62.37 ,$61.02 ,$62.15 ,27905180
10/14/2019,$60.62 ,$61.32 ,$60.59 ,$60.86 ,17640780
10/11/2019,$61.11 ,$61.42 ,$60.69 ,$60.77 ,25542880
10/10/2019,$59.93 ,$60.75 ,$59.87 ,$60.43 ,18650620
10/9/2019,$59.97 ,$60.42 ,$59.88 ,$60.12 ,17532640
10/8/2019,$59.88 ,$60.30 ,$59.45 ,$59.46 ,22835680
10/7/2019,$60.22 ,$60.91 ,$60.19 ,$60.38 ,17342980
10/4/2019,$59.59 ,$60.57 ,$59.46 ,$60.45 ,23665280
10/3/2019,$59.00 ,$59.45 ,$58.12 ,$59.39 ,33273120
10/2/2019,$59.85 ,$59.85 ,$58.56 ,$58.83 ,32784740
10/1/2019,$60.95 ,$61.56 ,$60.18 ,$60.26 ,27165580
9/30/2019,$61.05 ,$61.30 ,$60.62 ,$60.95 ,28393520
9/27/2019,$62.15 ,$62.20 ,$60.72 ,$61.25 ,27088640
9/26/2019,$62.10 ,$62.25 ,$61.61 ,$62.07 ,31237640
9/25/2019,$60.79 ,$62.42 ,$60.50 ,$62.33 ,31877500
9/24/2019,$62.00 ,$62.34 ,$60.53 ,$60.94 ,31835720
9/23/2019,$61.30 ,$61.95 ,$61.21 ,$61.70 ,21505060
9/20/2019,$61.66 ,$62.17 ,$61.15 ,$61.50 ,46745380
9/19/2019,$61.60 ,$62.22 ,$61.60 ,$61.94 ,20003100
9/18/2019,$61.38 ,$61.78 ,$60.83 ,$61.62 ,22886660
9/17/2019,$61.52 ,$61.75 ,$61.18 ,$61.46 ,19162240
9/16/2019,$61.48 ,$61.98 ,$61.28 ,$61.57 ,21065980
9/13/2019,$61.57 ,$62.04 ,$61.35 ,$61.98 ,26027000
9/12/2019,$61.22 ,$62.09 ,$61.15 ,$61.71 ,34518160
9/11/2019,$60.17 ,$61.13 ,$60.11 ,$61.01 ,26140660
9/10/2019,$59.76 ,$60.50 ,$59.73 ,$60.30 ,25202300
9/9/2019,$60.20 ,$61.00 ,$59.63 ,$60.22 ,29437600
9/6/2019,$60.41 ,$60.60 ,$60.13 ,$60.25 ,21442860
9/5/2019,$59.58 ,$60.65 ,$59.58 ,$60.57 ,28172020
9/4/2019,$58.84 ,$59.17 ,$58.55 ,$59.07 ,21379360
9/3/2019,$58.85 ,$59.34 ,$58.16 ,$58.42 ,29608400
8/30/2019,$59.93 ,$59.93 ,$59.19 ,$59.41 ,22599180
8/29/2019,$59.06 ,$59.80 ,$59.06 ,$59.64 ,21777160
8/28/2019,$58.09 ,$58.82 ,$57.87 ,$58.55 ,16044860
8/27/2019,$59.03 ,$59.12 ,$58.07 ,$58.39 ,21549040
8/26/2019,$57.86 ,$58.47 ,$57.65 ,$58.44 ,24528820
8/23/2019,$59.10 ,$59.70 ,$57.39 ,$57.56 ,33765420
8/22/2019,$59.70 ,$59.90 ,$58.93 ,$59.48 ,18958120
8/21/2019,$59.66 ,$59.95 ,$59.37 ,$59.56 ,14821060
8/20/2019,$59.76 ,$59.80 ,$59.11 ,$59.13 ,18312100
8/19/2019,$59.50 ,$60.35 ,$59.50 ,$59.92 ,24650340
8/16/2019,$58.98 ,$59.14 ,$58.59 ,$58.88 ,26988720
8/15/2019,$58.18 ,$58.79 ,$58.11 ,$58.36 ,24494780
8/14/2019,$58.82 ,$59.12 ,$58.03 ,$58.21 ,31573360
8/13/2019,$58.57 ,$60.24 ,$58.57 ,$59.86 ,26360180
8/12/2019,$58.96 ,$59.25 ,$58.38 ,$58.74 ,20063740
8/9/2019,$59.90 ,$60.19 ,$59.18 ,$59.40 ,21313160
8/8/2019,$59.14 ,$60.25 ,$58.65 ,$60.24 ,29359940
8/7/2019,$57.80 ,$58.92 ,$57.48 ,$58.70 ,28886480
8/6/2019,$58.17 ,$59.00 ,$58.00 ,$58.50 ,34187480
8/5/2019,$58.50 ,$58.76 ,$57.01 ,$57.62 ,51949100
8/2/2019,$60.04 ,$60.35 ,$59.45 ,$59.70 ,32901340
8/1/2019,$60.70 ,$61.71 ,$60.29 ,$60.45 ,33970200
7/31/2019,$61.15 ,$61.70 ,$60.39 ,$60.83 ,34509080
7/30/2019,$61.27 ,$61.74 ,$61.17 ,$61.26 ,29065260
7/29/2019,$62.05 ,$62.37 ,$61.41 ,$61.97 ,44474620
7/26/2019,$61.20 ,$63.28 ,$61.20 ,$62.52 ,96115040
7/25/2019,$56.89 ,$57.09 ,$56.05 ,$56.61 ,44196460
7/24/2019,$56.60 ,$57.20 ,$56.35 ,$56.89 ,31802020
7/23/2019,$57.20 ,$57.35 ,$56.59 ,$57.31 ,21873760
7/22/2019,$56.67 ,$56.96 ,$56.21 ,$56.90 ,26036920
7/19/2019,$57.41 ,$57.56 ,$56.48 ,$56.51 ,32944900
7/18/2019,$57.09 ,$57.38 ,$56.64 ,$57.32 ,25825620
7/17/2019,$57.55 ,$57.92 ,$57.29 ,$57.32 ,23400940
7/16/2019,$57.30 ,$57.93 ,$57.25 ,$57.68 ,24776140
7/15/2019,$57.34 ,$57.54 ,$56.97 ,$57.52 ,18075600
7/12/2019,$57.20 ,$57.37 ,$56.94 ,$57.25 ,17279460
7/11/2019,$57.16 ,$57.65 ,$56.98 ,$57.21 ,23911380
7/10/2019,$56.56 ,$57.10 ,$56.55 ,$57.02 ,24189320
7/9/2019,$55.59 ,$56.40 ,$55.36 ,$56.24 ,26607400
7/8/2019,$56.26 ,$56.30 ,$55.56 ,$55.82 ,24728380
7/5/2019,$55.89 ,$56.64 ,$55.81 ,$56.58 ,25290800
7/3/2019,$55.87 ,$56.34 ,$55.69 ,$56.08 ,15340220
7/2/2019,$55.11 ,$55.59 ,$54.91 ,$55.56 ,19835100
7/1/2019,$54.90 ,$55.38 ,$54.69 ,$54.90 ,28770080
6/28/2019,$53.82 ,$54.05 ,$53.67 ,$54.05 ,33869000
6/27/2019,$54.20 ,$54.36 ,$53.76 ,$53.80 ,20089540
6/26/2019,$54.33 ,$54.65 ,$53.61 ,$53.99 ,36217380
6/25/2019,$55.63 ,$55.72 ,$54.19 ,$54.32 ,30938260
6/24/2019,$55.98 ,$56.10 ,$55.55 ,$55.78 ,27913920
6/21/2019,$55.46 ,$56.21 ,$55.40 ,$56.09 ,38951820
6/20/2019,$56.00 ,$56.01 ,$55.24 ,$55.57 ,25240220
6/19/2019,$55.28 ,$55.35 ,$54.67 ,$55.12 ,26784360
6/18/2019,$55.48 ,$55.82 ,$54.95 ,$55.18 ,27733680
6/17/2019,$54.31 ,$54.96 ,$54.31 ,$54.63 ,18832040
6/14/2019,$54.32 ,$54.63 ,$54.01 ,$54.27 ,22232860
6/13/2019,$54.18 ,$54.71 ,$54.01 ,$54.44 ,21160000
6/12/2019,$53.90 ,$54.05 ,$53.38 ,$53.85 ,21225100
6/11/2019,$54.70 ,$55.10 ,$53.88 ,$53.94 ,28741260
6/10/2019,$53.65 ,$54.63 ,$53.62 ,$54.02 ,29284960
6/7/2019,$52.53 ,$53.55 ,$52.42 ,$53.30 ,36047400
6/6/2019,$52.25 ,$52.37 ,$51.69 ,$52.22 ,34064880
6/5/2019,$52.58 ,$52.68 ,$51.52 ,$52.11 ,43368780
6/4/2019,$52.15 ,$52.80 ,$51.68 ,$52.65 ,56669660
6/3/2019,$53.28 ,$53.28 ,$51.25 ,$51.81 ,102611520
5/31/2019,$55.06 ,$55.48 ,$55.01 ,$55.18 ,30164060
5/30/2019,$55.78 ,$56.16 ,$55.61 ,$55.90 ,19037460
5/29/2019,$56.38 ,$56.46 ,$55.41 ,$55.82 ,30764240
5/28/2019,$56.70 ,$57.58 ,$56.66 ,$56.71 ,27303320
5/24/2019,$57.37 ,$57.49 ,$56.58 ,$56.67 ,22246820
5/23/2019,$57.03 ,$57.30 ,$56.46 ,$57.04 ,23986000
5/22/2019,$57.34 ,$57.93 ,$57.29 ,$57.57 ,18296780
5/21/2019,$57.42 ,$57.64 ,$56.90 ,$57.48 ,23203160
5/20/2019,$57.23 ,$57.34 ,$56.57 ,$56.94 ,27065840
5/17/2019,$58.42 ,$59.01 ,$58.00 ,$58.12 ,24172460
5/16/2019,$58.23 ,$59.41 ,$58.14 ,$58.95 ,30628080
5/15/2019,$55.89 ,$58.57 ,$55.83 ,$58.21 ,45786040
5/14/2019,$56.86 ,$57.02 ,$55.98 ,$56.02 ,36732080
5/13/2019,$57.10 ,$57.40 ,$56.11 ,$56.60 ,37212960
5/10/2019,$58.18 ,$58.63 ,$57.13 ,$58.21 ,26290920
5/9/2019,$57.95 ,$58.48 ,$57.54 ,$58.12 ,23719460
5/8/2019,$58.60 ,$59.02 ,$58.29 ,$58.31 ,26190280
5/7/2019,$59.02 ,$59.52 ,$58.05 ,$58.71 ,31027360
5/6/2019,$58.31 ,$59.54 ,$58.31 ,$59.47 ,31278860
5/3/2019,$58.68 ,$59.34 ,$58.45 ,$59.27 ,39613060
5/2/2019,$58.39 ,$58.71 ,$57.75 ,$58.13 ,38896340
5/1/2019,$59.40 ,$59.40 ,$58.36 ,$58.40 ,52859660
4/30/2019,$59.25 ,$59.64 ,$58.75 ,$59.42 ,123893820
4/29/2019,$63.70 ,$64.46 ,$63.31 ,$64.38 ,48255760
4/26/2019,$63.45 ,$63.65 ,$63.02 ,$63.61 ,24565520
4/25/2019,$63.24 ,$63.37 ,$62.60 ,$63.17 ,21992280
4/24/2019,$63.21 ,$63.40 ,$62.75 ,$62.80 ,20300120
4/23/2019,$62.53 ,$63.45 ,$62.32 ,$63.23 ,25423900
4/22/2019,$61.80 ,$62.45 ,$61.42 ,$62.44 ,16131540
4/18/2019,$61.96 ,$62.10 ,$61.73 ,$61.82 ,26313520
4/17/2019,$61.65 ,$62.03 ,$61.39 ,$61.82 ,24237320
4/16/2019,$61.25 ,$61.54 ,$61.01 ,$61.36 ,17105160
4/15/2019,$60.90 ,$61.21 ,$60.46 ,$61.06 ,23747060
4/12/2019,$60.50 ,$60.92 ,$60.41 ,$60.89 ,18535980
4/11/2019,$60.20 ,$60.40 ,$60.01 ,$60.23 ,14188340
4/10/2019,$60.03 ,$60.19 ,$59.82 ,$60.11 ,14490480
4/9/2019,$59.80 ,$60.11 ,$59.65 ,$59.86 ,17308320
4/8/2019,$60.39 ,$60.43 ,$59.99 ,$60.19 ,17199380
4/5/2019,$60.75 ,$60.81 ,$60.25 ,$60.36 ,18019000
4/4/2019,$60.30 ,$60.78 ,$60.21 ,$60.75 ,18999240
4/3/2019,$60.37 ,$60.82 ,$60.03 ,$60.30 ,20283900
4/2/2019,$59.77 ,$60.07 ,$59.29 ,$60.02 ,16016400
4/1/2019,$59.21 ,$59.83 ,$59.10 ,$59.72 ,23764700
3/29/2019,$58.75 ,$58.95 ,$58.14 ,$58.67 ,25391460
3/28/2019,$58.58 ,$58.58 ,$57.97 ,$58.42 ,19336860
3/27/2019,$59.28 ,$59.38 ,$57.97 ,$58.65 ,27244340
3/26/2019,$59.93 ,$60.14 ,$58.84 ,$59.23 ,37892780
3/25/2019,$59.85 ,$60.32 ,$59.35 ,$59.65 ,29876820
3/22/2019,$61.32 ,$61.50 ,$60.14 ,$60.28 ,33378200
3/21/2019,$60.80 ,$61.59 ,$60.66 ,$61.58 ,23917980
3/20/2019,$59.87 ,$61.36 ,$59.81 ,$61.20 ,41787340
3/19/2019,$59.44 ,$60.00 ,$59.29 ,$59.94 ,28097260
3/18/2019,$59.17 ,$59.50 ,$58.87 ,$59.21 ,24250120
3/15/2019,$59.67 ,$59.83 ,$59.13 ,$59.22 ,49151940
3/14/2019,$59.73 ,$59.89 ,$59.22 ,$59.28 ,23019000
3/13/2019,$60.03 ,$60.05 ,$59.60 ,$59.67 ,28696320
3/12/2019,$58.91 ,$60.00 ,$58.91 ,$59.66 ,40246120
3/11/2019,$57.22 ,$58.81 ,$57.22 ,$58.79 ,31386640
3/8/2019,$56.34 ,$57.35 ,$56.17 ,$57.12 ,24245420
3/7/2019,$57.79 ,$57.84 ,$56.75 ,$57.17 ,23321520
3/6/2019,$58.12 ,$58.38 ,$57.77 ,$57.89 ,21882000
3/5/2019,$57.50 ,$58.48 ,$57.31 ,$58.10 ,28447140
3/4/2019,$57.35 ,$57.91 ,$56.53 ,$57.39 ,28895480
3/1/2019,$56.25 ,$57.15 ,$56.24 ,$57.05 ,28949080
2/28/2019,$55.57 ,$56.38 ,$55.55 ,$56.00 ,30821360
2/27/2019,$55.35 ,$55.90 ,$55.05 ,$55.80 ,19367240
2/26/2019,$55.29 ,$55.98 ,$55.00 ,$55.76 ,29395220
2/25/2019,$55.80 ,$55.93 ,$55.36 ,$55.47 ,27905620
2/22/2019,$55.05 ,$55.56 ,$54.78 ,$55.52 ,20967220
2/21/2019,$55.54 ,$55.60 ,$54.63 ,$54.85 ,28294880
2/20/2019,$56.00 ,$56.17 ,$55.26 ,$55.69 ,21602880
2/19/2019,$55.50 ,$56.09 ,$55.50 ,$55.93 ,20926300
2/15/2019,$56.50 ,$56.58 ,$55.53 ,$55.68 ,28849220
2/14/2019,$55.90 ,$56.41 ,$55.52 ,$56.08 ,18833560
2/13/2019,$56.25 ,$56.74 ,$55.93 ,$56.01 ,20972600
2/12/2019,$55.34 ,$56.26 ,$55.29 ,$56.07 ,32173160
2/11/2019,$54.85 ,$55.30 ,$54.64 ,$54.75 ,21276500
2/8/2019,$54.35 ,$54.95 ,$54.33 ,$54.75 ,21440620
2/7/2019,$55.21 ,$55.24 ,$54.30 ,$54.94 ,40812300
2/6/2019,$56.98 ,$57.35 ,$55.64 ,$55.76 ,42033480
2/5/2019,$56.24 ,$57.34 ,$55.86 ,$57.30 ,70599480
2/4/2019,$55.63 ,$56.64 ,$55.45 ,$56.64 ,50363680
2/1/2019,$55.62 ,$56.25 ,$55.24 ,$55.54 ,29112180
1/31/2019,$55.15 ,$55.87 ,$54.77 ,$55.82 ,30629260
1/30/2019,$53.42 ,$54.55 ,$53.34 ,$54.45 ,24835200
1/29/2019,$53.63 ,$53.76 ,$52.79 ,$53.03 ,20134620
1/28/2019,$54.01 ,$54.15 ,$53.19 ,$53.50 ,25554900
1/25/2019,$54.25 ,$54.70 ,$54.09 ,$54.55 ,22295700
1/24/2019,$53.82 ,$53.97 ,$53.04 ,$53.70 ,26354360
1/23/2019,$53.87 ,$54.25 ,$52.99 ,$53.78 ,19130520
1/22/2019,$54.40 ,$54.58 ,$53.17 ,$53.53 ,32147960
1/18/2019,$55.00 ,$55.42 ,$54.55 ,$54.91 ,38675080
1/17/2019,$53.97 ,$54.59 ,$53.68 ,$54.50 ,24473480
1/16/2019,$54.00 ,$54.62 ,$53.97 ,$54.05 ,26410600
1/15/2019,$52.51 ,$54.00 ,$52.37 ,$53.86 ,29044760
1/14/2019,$52.35 ,$52.58 ,$52.06 ,$52.23 ,22548340
1/11/2019,$53.16 ,$53.19 ,$52.42 ,$52.86 ,30253020
1/10/2019,$53.38 ,$53.56 ,$52.89 ,$53.52 ,28899520
1/9/2019,$54.08 ,$54.13 ,$53.32 ,$53.73 ,23967380
1/8/2019,$53.81 ,$54.23 ,$53.03 ,$53.81 ,34967420
1/7/2019,$53.58 ,$53.70 ,$52.74 ,$53.42 ,39561540
1/4/2019,$51.63 ,$53.54 ,$51.37 ,$53.54 ,41602880
1/3/2019,$52.05 ,$52.85 ,$50.70 ,$50.80 ,36587580
1/2/2019,$50.83 ,$52.62 ,$50.79 ,$52.29 ,30333620
12/31/2018,$52.55 ,$52.64 ,$51.18 ,$51.78 ,29850820
12/28/2018,$52.48 ,$52.78 ,$51.66 ,$51.85 ,27984360
12/27/2018,$50.86 ,$52.19 ,$49.85 ,$52.19 ,42041380
12/26/2018,$49.45 ,$52.00 ,$49.15 ,$51.97 ,46744240
12/24/2018,$48.70 ,$50.18 ,$48.51 ,$48.81 ,31806560
12/21/2018,$50.77 ,$51.20 ,$48.68 ,$48.98 ,91208480
12/20/2018,$50.91 ,$51.71 ,$49.82 ,$50.47 ,53180940
12/19/2018,$51.70 ,$53.10 ,$50.40 ,$51.15 ,48386440
12/18/2018,$51.30 ,$52.47 ,$51.07 ,$51.44 ,42037080
12/17/2018,$51.88 ,$52.66 ,$50.40 ,$50.83 ,46752620
12/14/2018,$52.50 ,$53.13 ,$52.04 ,$52.11 ,33716040
12/13/2018,$53.40 ,$53.99 ,$52.70 ,$53.10 ,26583960
12/12/2018,$53.40 ,$54.08 ,$53.14 ,$53.18 ,30465520
12/11/2018,$52.82 ,$53.03 ,$51.99 ,$52.59 ,27095020
12/10/2018,$51.75 ,$52.42 ,$51.16 ,$51.98 ,35869300
12/7/2018,$53.00 ,$53.76 ,$51.43 ,$51.83 ,41970520
12/6/2018,$51.71 ,$53.56 ,$51.54 ,$53.44 ,55161960
12/4/2018,$55.16 ,$55.22 ,$52.50 ,$52.54 ,45564000
12/3/2018,$56.16 ,$56.23 ,$55.18 ,$55.32 ,38007100
11/30/2018,$54.45 ,$54.78 ,$53.89 ,$54.72 ,51088320
11/29/2018,$53.80 ,$54.71 ,$53.80 ,$54.42 ,28070800
11/28/2018,$52.44 ,$54.34 ,$51.79 ,$54.31 ,47987480
11/27/2018,$52.05 ,$52.88 ,$51.92 ,$52.22 ,36026680
11/26/2018,$51.92 ,$52.47 ,$51.70 ,$52.43 ,36928600
11/23/2018,$51.50 ,$51.88 ,$51.12 ,$51.19 ,13829240
11/21/2018,$51.84 ,$52.43 ,$51.67 ,$51.88 ,30633520
11/20/2018,$50.00 ,$51.59 ,$49.80 ,$51.29 ,48945080
11/19/2018,$52.86 ,$53.04 ,$50.81 ,$51.00 ,36744140
11/16/2018,$52.97 ,$53.35 ,$52.45 ,$53.07 ,32824640
11/15/2018,$52.24 ,$53.59 ,$51.59 ,$53.24 ,36382640
11/14/2018,$52.50 ,$52.73 ,$51.55 ,$52.18 ,31233120
11/13/2018,$52.16 ,$52.83 ,$51.56 ,$51.80 ,29930680
11/12/2018,$53.07 ,$53.11 ,$51.55 ,$51.93 ,28586380
11/9/2018,$53.70 ,$53.78 ,$52.66 ,$53.31 ,26863080
11/8/2018,$54.57 ,$54.66 ,$53.61 ,$54.12 ,29260440
11/7/2018,$53.45 ,$54.77 ,$53.30 ,$54.67 ,41143100
11/6/2018,$51.97 ,$53.22 ,$51.90 ,$52.79 ,24503940
11/5/2018,$52.75 ,$52.92 ,$51.06 ,$52.00 ,48734840
11/2/2018,$53.69 ,$54.15 ,$52.73 ,$52.89 ,36585900
11/1/2018,$53.79 ,$54.20 ,$53.12 ,$53.50 ,29124440
10/31/2018,$52.99 ,$54.60 ,$52.85 ,$53.84 ,50571680
10/30/2018,$50.42 ,$51.87 ,$50.04 ,$51.81 ,64182520
10/29/2018,$54.12 ,$54.85 ,$49.79 ,$51.00 ,77472880
10/26/2018,$51.85 ,$55.33 ,$51.70 ,$53.57 ,83704020
10/25/2018,$53.59 ,$55.55 ,$53.48 ,$54.78 ,50237680
10/24/2018,$55.21 ,$55.31 ,$52.44 ,$52.54 ,38201200
10/23/2018,$54.04 ,$55.39 ,$53.50 ,$55.18 ,36955960
10/22/2018,$55.15 ,$55.61 ,$54.55 ,$55.06 ,29885700
10/19/2018,$54.67 ,$55.52 ,$54.39 ,$54.82 ,25292100
10/18/2018,$56.09 ,$56.09 ,$53.85 ,$54.40 ,41132120
10/17/2018,$56.32 ,$56.45 ,$55.11 ,$55.78 ,27952260
10/16/2018,$55.23 ,$56.21 ,$55.13 ,$56.06 ,36909820
10/15/2018,$55.45 ,$55.67 ,$54.45 ,$54.61 ,26864620
10/12/2018,$55.40 ,$55.75 ,$54.32 ,$55.50 ,40597440
10/11/2018,$53.65 ,$55.32 ,$53.41 ,$53.97 ,58790280
10/10/2018,$56.55 ,$56.61 ,$54.06 ,$54.06 ,51499700
10/9/2018,$57.31 ,$57.72 ,$56.88 ,$56.94 ,26174120
10/8/2018,$57.51 ,$58.40 ,$56.37 ,$57.45 ,37542840
10/5/2018,$58.38 ,$58.68 ,$57.26 ,$57.87 ,23684900
10/4/2018,$59.77 ,$59.88 ,$57.78 ,$58.41 ,43035240
10/3/2018,$60.25 ,$60.32 ,$59.69 ,$60.15 ,24145600
10/2/2018,$59.55 ,$60.50 ,$59.33 ,$60.01 ,33112040
10/1/2018,$59.99 ,$60.50 ,$59.52 ,$59.77 ,26905000
9/28/2018,$59.59 ,$59.77 ,$59.23 ,$59.67 ,26136440
9/27/2018,$59.34 ,$60.11 ,$59.18 ,$59.73 ,24885560
9/26/2018,$59.26 ,$59.71 ,$58.74 ,$59.02 ,26928680
9/25/2018,$58.81 ,$59.34 ,$58.40 ,$59.23 ,18751540
9/24/2018,$57.86 ,$58.90 ,$57.35 ,$58.67 ,24370640
9/21/2018,$59.60 ,$59.61 ,$58.30 ,$58.30 ,87278580
9/20/2018,$59.00 ,$59.49 ,$58.67 ,$59.34 ,24197100
9/19/2018,$58.25 ,$58.66 ,$57.73 ,$58.55 ,23706420
9/18/2018,$57.85 ,$58.80 ,$57.85 ,$58.06 ,23688140
9/17/2018,$58.51 ,$58.86 ,$57.70 ,$57.80 ,25582940
9/14/2018,$58.96 ,$59.02 ,$58.42 ,$58.63 ,18686000
9/13/2018,$58.54 ,$58.93 ,$58.14 ,$58.77 ,28040100
9/12/2018,$58.64 ,$58.93 ,$57.92 ,$58.14 ,25826080
9/11/2018,$58.08 ,$58.93 ,$57.81 ,$58.87 ,24183420
9/10/2018,$58.61 ,$58.73 ,$58.01 ,$58.23 ,22305180
9/7/2018,$57.93 ,$58.76 ,$57.86 ,$58.24 ,28020680
9/6/2018,$59.32 ,$59.32 ,$57.60 ,$58.57 ,37733800
9/5/2018,$59.69 ,$59.95 ,$58.10 ,$59.32 ,40874640
9/4/2018,$60.21 ,$60.65 ,$59.63 ,$59.85 ,36010180
8/31/2018,$61.75 ,$61.93 ,$60.56 ,$60.91 ,36247320
8/30/2018,$62.21 ,$62.68 ,$61.63 ,$61.96 ,26405220
8/29/2018,$61.87 ,$62.53 ,$61.82 ,$62.47 ,25918780
8/28/2018,$62.06 ,$62.13 ,$61.43 ,$61.56 ,25930640
8/27/2018,$61.38 ,$62.15 ,$61.29 ,$62.09 ,23099240
8/24/2018,$60.44 ,$61.08 ,$60.32 ,$61.03 ,18930580
8/23/2018,$60.36 ,$61.06 ,$60.21 ,$60.27 ,19770180
8/22/2018,$60.00 ,$60.59 ,$59.95 ,$60.37 ,17629260
8/21/2018,$60.40 ,$60.86 ,$60.02 ,$60.08 ,23757680
8/20/2018,$60.25 ,$60.55 ,$59.73 ,$60.39 ,17289240
8/17/2018,$60.10 ,$60.45 ,$59.41 ,$60.05 ,27634480
8/16/2018,$61.24 ,$61.30 ,$60.13 ,$60.32 ,26399700
8/15/2018,$61.46 ,$61.76 ,$60.48 ,$60.72 ,36312840
8/14/2018,$61.76 ,$62.29 ,$61.26 ,$62.11 ,26850680
8/13/2018,$61.85 ,$62.46 ,$61.68 ,$61.75 ,19143060
8/10/2018,$62.15 ,$62.28 ,$61.60 ,$61.88 ,22146460
8/9/2018,$62.50 ,$62.78 ,$62.30 ,$62.46 ,16104540
8/8/2018,$62.02 ,$62.83 ,$61.90 ,$62.28 ,27393000
8/7/2018,$61.85 ,$62.56 ,$61.81 ,$62.11 ,29861460
8/6/2018,$61.25 ,$61.30 ,$60.79 ,$61.24 ,21618460
8/3/2018,$61.48 ,$61.50 ,$60.75 ,$61.19 ,21450480
8/2/2018,$60.30 ,$61.49 ,$60.24 ,$61.31 ,30409760
8/1/2018,$61.40 ,$61.67 ,$60.51 ,$61.00 ,31342840
7/31/2018,$61.00 ,$61.38 ,$60.28 ,$60.86 ,32656460
7/30/2018,$61.40 ,$61.75 ,$60.57 ,$60.99 ,36455640
7/27/2018,$63.55 ,$63.69 ,$61.55 ,$61.93 ,42316040
7/26/2018,$62.55 ,$63.49 ,$62.45 ,$63.42 ,46697620
7/25/2018,$61.96 ,$63.29 ,$61.96 ,$63.19 ,42317800
7/24/2018,$63.13 ,$63.30 ,$61.78 ,$62.40 ,66065360
7/23/2018,$59.05 ,$60.32 ,$59.05 ,$60.28 ,51680680
7/20/2018,$59.35 ,$59.84 ,$59.21 ,$59.25 ,24937960
7/19/2018,$59.55 ,$60.00 ,$59.17 ,$59.35 ,25122260
7/18/2018,$59.83 ,$60.23 ,$59.52 ,$59.79 ,27824640
7/17/2018,$58.61 ,$60.15 ,$58.53 ,$59.94 ,31701820
7/16/2018,$59.47 ,$59.55 ,$58.96 ,$59.19 ,20991200
7/13/2018,$59.25 ,$59.77 ,$59.00 ,$59.44 ,24433740
7/12/2018,$57.99 ,$59.22 ,$57.80 ,$59.17 ,25021660
7/11/2018,$57.23 ,$58.21 ,$57.05 ,$57.70 ,21886020
7/10/2018,$57.85 ,$57.98 ,$57.48 ,$57.64 ,15784980
7/9/2018,$57.42 ,$57.73 ,$57.17 ,$57.70 ,18121460
7/6/2018,$56.18 ,$57.05 ,$56.04 ,$57.01 ,19323100
7/5/2018,$55.53 ,$56.38 ,$55.42 ,$56.21 ,21215040
7/3/2018,$56.79 ,$56.79 ,$55.00 ,$55.14 ,13580680
7/2/2018,$54.95 ,$56.40 ,$54.69 ,$56.37 ,23772320
6/29/2018,$56.00 ,$56.41 ,$55.75 ,$55.78 ,25519580
6/28/2018,$55.10 ,$56.12 ,$54.80 ,$55.71 ,21448760
6/27/2018,$56.07 ,$56.59 ,$55.18 ,$55.20 ,25753960
6/26/2018,$56.40 ,$56.66 ,$55.83 ,$55.92 ,31195820
6/25/2018,$57.18 ,$57.20 ,$55.64 ,$56.24 ,43105520
6/22/2018,$57.96 ,$58.12 ,$57.36 ,$57.77 ,26203280
6/21/2018,$58.74 ,$58.86 ,$57.61 ,$57.88 ,24647040
6/20/2018,$58.77 ,$59.31 ,$58.46 ,$58.49 ,32964960
6/19/2018,$57.93 ,$58.56 ,$57.70 ,$58.40 ,32322500
6/18/2018,$57.18 ,$58.72 ,$57.18 ,$58.67 ,28012820
6/15/2018,$57.44 ,$57.67 ,$57.17 ,$57.61 ,42382680
6/14/2018,$57.19 ,$57.77 ,$57.03 ,$57.61 ,27001700
6/13/2018,$57.06 ,$57.33 ,$56.67 ,$56.74 ,29800340
6/12/2018,$56.55 ,$56.99 ,$56.54 ,$56.97 ,17984620
6/11/2018,$55.93 ,$56.86 ,$55.93 ,$56.50 ,21422280
6/8/2018,$55.91 ,$56.33 ,$55.61 ,$56.04 ,25797180
6/7/2018,$56.57 ,$56.79 ,$55.83 ,$56.19 ,30397200
6/6/2018,$57.11 ,$57.15 ,$56.29 ,$56.84 ,33949780
6/5/2018,$57.05 ,$57.29 ,$56.66 ,$56.98 ,30763380
6/4/2018,$56.12 ,$57.09 ,$56.10 ,$56.96 ,37620920
6/1/2018,$54.97 ,$56.00 ,$54.93 ,$55.98 ,48335100
5/31/2018,$53.38 ,$54.86 ,$53.38 ,$54.25 ,61706500
5/30/2018,$53.15 ,$53.46 ,$52.84 ,$53.39 ,22599160
5/29/2018,$53.24 ,$53.67 ,$52.76 ,$53.02 ,37173520
5/25/2018,$53.95 ,$54.13 ,$53.69 ,$53.78 ,17578060
5/24/2018,$53.95 ,$54.02 ,$53.31 ,$53.96 ,15155040
5/23/2018,$53.26 ,$54.04 ,$53.09 ,$53.98 ,21154240
5/22/2018,$54.18 ,$54.33 ,$53.33 ,$53.49 ,21774000
5/21/2018,$53.70 ,$54.40 ,$53.68 ,$53.98 ,20245160
5/18/2018,$53.09 ,$53.50 ,$53.03 ,$53.32 ,29928960
5/17/2018,$53.99 ,$54.34 ,$53.68 ,$53.93 ,20623800
5/16/2018,$53.87 ,$54.46 ,$53.81 ,$54.09 ,19796380
5/15/2018,$54.50 ,$54.50 ,$53.67 ,$53.96 ,29886120
5/14/2018,$55.00 ,$55.54 ,$54.96 ,$55.01 ,29002800
5/11/2018,$54.68 ,$55.07 ,$54.55 ,$54.91 ,25064100
5/10/2018,$54.30 ,$55.02 ,$54.28 ,$54.88 ,28829120
5/9/2018,$52.91 ,$54.27 ,$52.82 ,$54.14 ,40646380
5/8/2018,$52.93 ,$53.03 ,$52.36 ,$52.70 ,24345200
5/7/2018,$52.46 ,$53.08 ,$52.36 ,$52.74 ,29280160
5/4/2018,$50.85 ,$52.43 ,$50.85 ,$52.41 ,38735940
5/3/2018,$50.95 ,$51.48 ,$50.31 ,$51.19 ,36272460
5/2/2018,$51.41 ,$52.02 ,$51.14 ,$51.22 ,30681880
5/1/2018,$50.68 ,$51.92 ,$50.41 ,$51.87 ,28543420
4/30/2018,$51.50 ,$51.85 ,$50.84 ,$50.87 ,33281680
4/27/2018,$52.30 ,$52.48 ,$51.28 ,$51.50 ,32349040
4/26/2018,$51.48 ,$52.40 ,$50.91 ,$52.00 ,39688960
4/25/2018,$51.28 ,$51.62 ,$50.77 ,$51.06 ,44509900
4/24/2018,$52.60 ,$52.85 ,$50.53 ,$51.00 ,95017020
4/23/2018,$53.89 ,$54.14 ,$53.04 ,$53.37 ,45576920
4/20/2018,$54.10 ,$54.62 ,$53.48 ,$53.65 ,37753960
4/19/2018,$53.47 ,$54.71 ,$53.41 ,$54.39 ,34838140
4/18/2018,$53.87 ,$53.87 ,$53.31 ,$53.60 ,26733560
4/17/2018,$52.57 ,$53.89 ,$52.41 ,$53.71 ,46238060
4/16/2018,$51.85 ,$52.16 ,$51.34 ,$51.90 ,23882880
4/13/2018,$52.04 ,$52.32 ,$51.15 ,$51.46 ,23515080
4/12/2018,$51.25 ,$52.03 ,$51.07 ,$51.63 ,27151980
4/11/2018,$51.40 ,$51.57 ,$50.79 ,$51.00 ,29522660
4/10/2018,$51.32 ,$51.81 ,$50.57 ,$51.58 ,39670200
4/9/2018,$50.84 ,$51.98 ,$50.70 ,$50.77 ,34773640
4/6/2018,$51.00 ,$51.57 ,$50.15 ,$50.35 ,34817920
4/5/2018,$52.07 ,$52.14 ,$51.01 ,$51.39 ,26913620
4/4/2018,$49.67 ,$51.44 ,$49.65 ,$51.26 ,49288360
4/3/2018,$50.70 ,$51.05 ,$49.70 ,$50.67 ,45437160
4/2/2018,$51.14 ,$51.74 ,$49.52 ,$50.32 ,53584280
3/29/2018,$50.58 ,$52.15 ,$50.15 ,$51.59 ,54288040
3/28/2018,$49.90 ,$51.21 ,$49.03 ,$50.23 ,66900920
3/27/2018,$53.15 ,$53.24 ,$49.85 ,$50.26 ,61632240
3/26/2018,$52.30 ,$52.78 ,$50.42 ,$52.66 ,51876160
3/23/2018,$52.35 ,$53.17 ,$51.06 ,$51.08 ,42941940
3/22/2018,$54.09 ,$54.15 ,$52.30 ,$52.45 ,51692780
3/21/2018,$54.64 ,$55.32 ,$54.26 ,$54.54 ,37565880
3/20/2018,$54.95 ,$55.26 ,$54.17 ,$54.89 ,36044180
3/19/2018,$56.00 ,$56.10 ,$54.45 ,$54.99 ,47103720
3/16/2018,$57.71 ,$57.79 ,$56.60 ,$56.79 ,52297420
3/15/2018,$57.50 ,$58.05 ,$56.73 ,$57.48 ,27955340
3/14/2018,$57.26 ,$57.93 ,$57.07 ,$57.47 ,25812760
3/13/2018,$58.50 ,$58.84 ,$56.67 ,$56.91 ,37483520
3/12/2018,$58.19 ,$58.85 ,$57.87 ,$58.23 ,42130960
3/9/2018,$56.80 ,$58.04 ,$56.62 ,$58.00 ,42428500
3/8/2018,$55.77 ,$56.38 ,$55.64 ,$56.30 ,27870580
3/7/2018,$54.46 ,$55.61 ,$54.27 ,$55.48 ,25548780
3/6/2018,$54.96 ,$55.09 ,$54.49 ,$54.75 ,29941740
3/5/2018,$53.76 ,$54.86 ,$53.45 ,$54.55 ,22838640
3/2/2018,$52.65 ,$54.10 ,$52.41 ,$53.95 ,45427880
3/1/2018,$55.39 ,$55.51 ,$53.35 ,$53.48 ,50237440
2/28/2018,$56.15 ,$56.38 ,$55.16 ,$55.24 ,37474740
2/27/2018,$57.06 ,$57.20 ,$55.90 ,$55.91 ,35457320
2/26/2018,$56.39 ,$57.20 ,$56.33 ,$57.19 ,30298400
2/23/2018,$55.63 ,$56.36 ,$55.24 ,$56.34 ,23808640
2/22/2018,$55.81 ,$56.14 ,$55.13 ,$55.33 ,26190720
2/21/2018,$55.32 ,$56.70 ,$55.32 ,$55.57 ,30143040
2/20/2018,$54.53 ,$55.70 ,$54.43 ,$55.12 ,27789820
2/16/2018,$54.42 ,$55.23 ,$54.42 ,$54.74 ,33605660
2/15/2018,$53.95 ,$54.57 ,$53.22 ,$54.48 ,35711040
2/14/2018,$52.45 ,$53.59 ,$52.34 ,$53.49 ,30953300
2/13/2018,$52.25 ,$52.92 ,$52.20 ,$52.61 ,24276000
2/12/2018,$52.40 ,$53.08 ,$52.05 ,$52.60 ,41080040
2/9/2018,$50.86 ,$52.20 ,$49.63 ,$51.89 ,70079400
2/8/2018,$52.77 ,$52.93 ,$50.03 ,$50.08 ,56197800
2/7/2018,$54.08 ,$54.09 ,$52.41 ,$52.43 ,47060060
2/6/2018,$51.36 ,$54.09 ,$51.16 ,$54.03 ,68646260
2/5/2018,$54.53 ,$55.50 ,$52.60 ,$52.79 ,75389060
2/2/2018,$56.10 ,$56.15 ,$55.36 ,$55.60 ,96759580
2/1/2018,$58.13 ,$58.70 ,$57.88 ,$58.39 ,47604420
1/31/2018,$58.53 ,$58.65 ,$57.96 ,$58.50 ,30476400
1/30/2018,$58.39 ,$58.83 ,$58.18 ,$58.18 ,30835420
1/29/2018,$58.82 ,$59.34 ,$58.60 ,$58.78 ,26746480
1/26/2018,$58.75 ,$58.79 ,$57.91 ,$58.79 ,39623460
1/25/2018,$58.63 ,$58.80 ,$58.14 ,$58.52 ,29230360
1/24/2018,$58.87 ,$58.99 ,$58.05 ,$58.21 ,27658080
1/23/2018,$57.99 ,$58.58 ,$57.94 ,$58.50 ,26197240
1/22/2018,$56.87 ,$57.99 ,$56.76 ,$57.79 ,32322400
1/19/2018,$56.59 ,$56.89 ,$56.42 ,$56.88 ,27802360
1/18/2018,$56.57 ,$56.63 ,$55.88 ,$56.49 ,23898860
1/17/2018,$56.31 ,$56.63 ,$55.85 ,$56.60 ,24009520
1/16/2018,$56.63 ,$57.00 ,$55.89 ,$56.09 ,31333240
1/12/2018,$55.12 ,$56.21 ,$55.06 ,$56.11 ,34369820
1/11/2018,$55.32 ,$55.33 ,$54.98 ,$55.28 ,19554540
1/10/2018,$54.86 ,$55.23 ,$54.81 ,$55.13 ,20845460
1/9/2018,$55.47 ,$55.53 ,$55.06 ,$55.31 ,18001780
1/8/2018,$55.11 ,$55.56 ,$55.08 ,$55.35 ,20935340
1/5/2018,$54.70 ,$55.21 ,$54.60 ,$55.11 ,25599800
1/4/2018,$54.40 ,$54.68 ,$54.20 ,$54.32 ,20058900
1/3/2018,$53.22 ,$54.31 ,$53.16 ,$54.12 ,28595140
1/2/2018,$52.42 ,$53.35 ,$52.26 ,$53.25 ,24728020
12/29/2017,$52.34 ,$52.49 ,$52.25 ,$52.32 ,17736900
12/28/2017,$52.58 ,$52.74 ,$52.24 ,$52.41 ,16660220
12/27/2017,$52.87 ,$52.92 ,$52.40 ,$52.47 ,25435600
12/26/2017,$52.90 ,$53.01 ,$52.51 ,$52.84 ,15221940
12/22/2017,$53.06 ,$53.21 ,$52.97 ,$53.01 ,15101780
12/21/2017,$53.25 ,$53.47 ,$53.09 ,$53.18 ,19730960
12/20/2017,$53.59 ,$53.67 ,$53.08 ,$53.25 ,25365700
12/19/2017,$53.76 ,$53.84 ,$53.18 ,$53.53 ,26157880
12/18/2017,$53.30 ,$53.92 ,$53.10 ,$53.86 ,31040320
12/15/2017,$52.73 ,$53.38 ,$52.48 ,$53.21 ,65501820
12/14/2017,$52.25 ,$52.93 ,$52.16 ,$52.46 ,31173680
12/13/2017,$52.31 ,$52.33 ,$51.92 ,$52.03 ,24407280
12/12/2017,$51.98 ,$52.52 ,$51.68 ,$52.02 ,25590220
12/11/2017,$51.78 ,$52.19 ,$51.60 ,$52.06 ,23810540
12/8/2017,$51.87 ,$52.10 ,$51.63 ,$51.85 ,25768380
12/7/2017,$51.02 ,$51.71 ,$50.90 ,$51.55 ,29162900
12/6/2017,$50.08 ,$51.25 ,$50.06 ,$50.92 ,25169920
12/5/2017,$49.80 ,$51.03 ,$49.41 ,$50.26 ,41324940
12/4/2017,$50.63 ,$50.81 ,$49.78 ,$49.93 ,38121160
12/1/2017,$50.79 ,$51.12 ,$50.10 ,$50.51 ,38179240
11/30/2017,$51.12 ,$51.42 ,$50.75 ,$51.07 ,34460060
11/29/2017,$52.13 ,$52.20 ,$50.78 ,$51.08 ,48859480
11/28/2017,$52.75 ,$53.12 ,$52.00 ,$52.37 ,28420540
11/27/2017,$52.00 ,$52.77 ,$51.92 ,$52.71 ,26149420
11/24/2017,$51.79 ,$52.16 ,$51.75 ,$52.03 ,10739920
11/22/2017,$51.75 ,$51.99 ,$51.57 ,$51.80 ,14927020
11/21/2017,$51.17 ,$51.76 ,$51.13 ,$51.72 ,21923220
11/20/2017,$51.01 ,$51.13 ,$50.88 ,$50.92 ,17967780
11/17/2017,$51.70 ,$51.72 ,$50.89 ,$50.95 ,27338720
11/16/2017,$51.13 ,$51.80 ,$51.13 ,$51.63 ,22588480
11/15/2017,$50.96 ,$51.20 ,$50.77 ,$51.05 ,16958640
11/14/2017,$51.13 ,$51.34 ,$50.71 ,$51.30 ,19174160
11/13/2017,$51.17 ,$51.58 ,$51.13 ,$51.29 ,17711300
11/10/2017,$51.32 ,$51.54 ,$51.26 ,$51.40 ,14413480
11/9/2017,$51.70 ,$51.70 ,$50.98 ,$51.56 ,24894020
11/8/2017,$51.53 ,$52.18 ,$51.42 ,$51.99 ,21767900
11/7/2017,$51.36 ,$51.70 ,$51.26 ,$51.67 ,22242460
11/6/2017,$51.45 ,$51.74 ,$51.25 ,$51.30 ,22495140
11/3/2017,$51.11 ,$51.63 ,$51.02 ,$51.62 ,21502680
11/2/2017,$51.09 ,$51.40 ,$50.65 ,$51.28 ,20971680
11/1/2017,$50.86 ,$51.48 ,$50.85 ,$51.28 ,27432380
10/31/2017,$50.76 ,$51.20 ,$50.52 ,$50.83 ,26625300
10/30/2017,$50.70 ,$51.25 ,$50.38 ,$50.86 ,41669800
10/27/2017,$50.46 ,$52.42 ,$50.41 ,$50.96 ,103318440
10/26/2017,$49.00 ,$49.38 ,$48.61 ,$48.63 ,40544360
10/25/2017,$48.42 ,$48.80 ,$48.03 ,$48.67 ,24207360
10/24/2017,$48.50 ,$48.61 ,$48.05 ,$48.53 ,24121480
10/23/2017,$49.48 ,$49.48 ,$48.31 ,$48.42 ,29430880
10/20/2017,$49.47 ,$49.55 ,$49.23 ,$49.41 ,23523540
10/19/2017,$49.30 ,$49.44 ,$48.92 ,$49.22 ,26254120
10/18/2017,$49.59 ,$49.84 ,$49.35 ,$49.64 ,21145700
10/17/2017,$49.51 ,$49.82 ,$49.43 ,$49.61 ,25803040
10/16/2017,$49.61 ,$49.70 ,$49.20 ,$49.60 ,18204920
10/13/2017,$49.60 ,$49.86 ,$49.45 ,$49.48 ,23391680
10/12/2017,$49.37 ,$49.71 ,$49.25 ,$49.39 ,25567140
10/11/2017,$48.69 ,$49.54 ,$48.61 ,$49.46 ,33856860
10/10/2017,$49.00 ,$49.08 ,$48.30 ,$48.63 ,19362260
10/9/2017,$49.00 ,$49.27 ,$48.81 ,$48.85 ,17812400
10/6/2017,$48.34 ,$48.97 ,$48.17 ,$48.94 ,22924140
10/5/2017,$47.77 ,$48.55 ,$47.76 ,$48.50 ,24208540
10/4/2017,$47.85 ,$48.02 ,$47.53 ,$47.58 ,19035320
10/3/2017,$47.70 ,$47.90 ,$47.46 ,$47.89 ,17766060
10/2/2017,$48.00 ,$48.13 ,$47.39 ,$47.66 ,25657000
9/29/2017,$47.60 ,$47.99 ,$47.58 ,$47.96 ,31527300
9/28/2017,$47.07 ,$47.53 ,$47.03 ,$47.48 ,19940720
9/27/2017,$46.39 ,$47.50 ,$46.39 ,$47.22 ,44750760
9/26/2017,$46.19 ,$46.54 ,$46.06 ,$46.24 ,33334980
9/25/2017,$46.27 ,$46.32 ,$45.49 ,$46.05 ,37114840
9/22/2017,$46.39 ,$46.74 ,$46.32 ,$46.43 ,21043400
9/21/2017,$46.65 ,$46.83 ,$46.19 ,$46.62 ,24541180
9/20/2017,$46.15 ,$46.69 ,$46.10 ,$46.58 ,30712520
9/19/2017,$45.87 ,$46.12 ,$45.63 ,$46.09 ,18259340
9/18/2017,$46.00 ,$46.10 ,$45.53 ,$45.75 ,26015180
9/15/2017,$46.23 ,$46.32 ,$45.82 ,$46.01 ,49989320
9/14/2017,$46.56 ,$46.64 ,$46.20 ,$46.26 ,27909940
9/13/2017,$46.53 ,$46.86 ,$46.49 ,$46.75 ,22022900
9/12/2017,$46.63 ,$46.67 ,$46.19 ,$46.60 ,22672760
9/11/2017,$46.71 ,$46.92 ,$46.35 ,$46.45 ,25320400
9/8/2017,$46.82 ,$46.85 ,$46.24 ,$46.33 ,19953980
9/7/2017,$46.59 ,$46.82 ,$46.18 ,$46.80 ,24229440
9/6/2017,$46.51 ,$46.55 ,$45.96 ,$46.39 ,30524180
9/5/2017,$46.65 ,$46.85 ,$46.10 ,$46.42 ,26935820
9/1/2017,$47.06 ,$47.12 ,$46.76 ,$46.87 ,18873140
8/31/2017,$46.59 ,$47.10 ,$46.59 ,$46.97 ,31337760
8/30/2017,$46.00 ,$46.54 ,$45.98 ,$46.48 ,26012320
8/29/2017,$45.26 ,$46.17 ,$45.25 ,$46.06 ,23627820
8/28/2017,$45.80 ,$45.96 ,$45.59 ,$45.69 ,21700280
8/25/2017,$46.17 ,$46.28 ,$45.78 ,$45.79 ,21055280
8/24/2017,$46.43 ,$46.54 ,$45.78 ,$46.06 ,25323820
8/23/2017,$46.10 ,$46.50 ,$45.97 ,$46.35 ,21771500
8/22/2017,$45.64 ,$46.29 ,$45.57 ,$46.23 ,23326400
8/21/2017,$45.50 ,$45.65 ,$45.17 ,$45.33 ,18846560
8/18/2017,$45.52 ,$45.76 ,$45.36 ,$45.53 ,26839800
8/17/2017,$46.29 ,$46.34 ,$45.55 ,$45.55 ,24835640
8/16/2017,$46.26 ,$46.64 ,$46.17 ,$46.35 ,20105220
8/15/2017,$46.21 ,$46.33 ,$45.99 ,$46.11 ,17649580
8/14/2017,$46.13 ,$46.23 ,$45.91 ,$46.13 ,21268080
8/11/2017,$45.40 ,$45.89 ,$45.28 ,$45.72 ,24113040
8/10/2017,$45.88 ,$45.96 ,$45.31 ,$45.36 ,35110420
8/9/2017,$46.03 ,$46.30 ,$45.86 ,$46.15 ,23826640
8/8/2017,$46.35 ,$46.79 ,$46.28 ,$46.34 ,21147020
8/7/2017,$46.45 ,$46.59 ,$46.33 ,$46.47 ,20634200
8/4/2017,$46.34 ,$46.52 ,$46.15 ,$46.40 ,21636280
8/3/2017,$46.52 ,$46.61 ,$46.11 ,$46.18 ,24030380
8/2/2017,$46.43 ,$46.63 ,$45.83 ,$46.52 ,36445440
8/1/2017,$46.62 ,$46.87 ,$46.46 ,$46.54 ,24692240
7/31/2017,$47.09 ,$47.18 ,$46.30 ,$46.53 ,39294960
7/28/2017,$46.47 ,$47.19 ,$46.38 ,$47.08 ,36046860
7/27/2017,$47.59 ,$47.59 ,$46.00 ,$46.70 ,62576380
7/26/2017,$47.73 ,$47.75 ,$47.11 ,$47.39 ,41386980
7/25/2017,$47.69 ,$47.99 ,$47.27 ,$47.54 ,93132180
7/24/2017,$48.61 ,$49.31 ,$48.54 ,$49.02 ,64107480
7/21/2017,$48.11 ,$48.66 ,$48.01 ,$48.65 ,33943800
7/20/2017,$48.75 ,$48.80 ,$48.08 ,$48.41 ,32412720
7/19/2017,$48.39 ,$48.65 ,$48.20 ,$48.54 ,24423100
7/18/2017,$47.65 ,$48.40 ,$47.53 ,$48.27 ,23054820
7/17/2017,$47.85 ,$48.04 ,$47.46 ,$47.67 ,23282820
7/14/2017,$47.60 ,$47.85 ,$47.40 ,$47.80 ,21057100
7/13/2017,$47.31 ,$47.72 ,$47.15 ,$47.36 ,25893480
7/12/2017,$46.93 ,$47.32 ,$46.72 ,$47.19 ,30343360
7/11/2017,$46.48 ,$46.57 ,$46.10 ,$46.50 ,22248340
7/10/2017,$46.09 ,$46.52 ,$45.98 ,$46.44 ,23804740
7/7/2017,$45.44 ,$46.08 ,$45.44 ,$45.93 ,31809120
7/6/2017,$45.21 ,$45.75 ,$44.99 ,$45.33 ,28485800
7/5/2017,$45.09 ,$45.73 ,$44.93 ,$45.59 ,36266180
7/3/2017,$45.61 ,$45.70 ,$44.74 ,$44.94 ,34207460
6/30/2017,$46.30 ,$46.30 ,$45.42 ,$45.44 ,41726800
6/29/2017,$46.50 ,$46.56 ,$45.53 ,$45.89 ,65759820
6/28/2017,$46.45 ,$47.14 ,$45.80 ,$47.02 ,54384260
6/27/2017,$47.12 ,$47.41 ,$46.34 ,$46.37 ,51320940
6/26/2017,$48.50 ,$48.67 ,$47.54 ,$47.61 ,31933280
6/23/2017,$47.84 ,$48.30 ,$47.71 ,$48.28 ,30550260
6/22/2017,$47.94 ,$48.04 ,$47.73 ,$47.85 ,18832780
6/21/2017,$47.68 ,$48.01 ,$47.54 ,$47.97 ,24039420
6/20/2017,$47.88 ,$48.08 ,$47.50 ,$47.53 ,22510400
6/19/2017,$47.50 ,$48.00 ,$47.45 ,$47.87 ,30414300
6/16/2017,$47.00 ,$47.10 ,$46.58 ,$46.99 ,61235880
6/15/2017,$46.70 ,$47.17 ,$46.22 ,$47.12 ,41305420
6/14/2017,$48.00 ,$48.06 ,$47.11 ,$47.54 ,29747560
6/13/2017,$47.60 ,$48.00 ,$47.20 ,$47.67 ,40259600
6/12/2017,$46.98 ,$47.47 ,$45.76 ,$47.15 ,75248680
6/9/2017,$49.23 ,$49.23 ,$46.78 ,$47.49 ,66110900
6/8/2017,$49.12 ,$49.23 ,$48.86 ,$49.17 ,29543020
6/7/2017,$48.98 ,$49.21 ,$48.79 ,$49.05 ,28943440
6/6/2017,$49.16 ,$49.41 ,$48.76 ,$48.83 ,36286460
6/5/2017,$48.83 ,$49.35 ,$48.76 ,$49.18 ,25038060
6/2/2017,$48.47 ,$48.79 ,$48.30 ,$48.78 ,35014460
6/1/2017,$48.45 ,$48.58 ,$48.00 ,$48.35 ,28179160
5/31/2017,$48.75 ,$48.96 ,$48.01 ,$48.24 ,48943520
5/30/2017,$48.52 ,$48.81 ,$48.47 ,$48.79 ,29325760
5/26/2017,$48.49 ,$48.75 ,$48.25 ,$48.57 ,25028500
5/25/2017,$47.87 ,$48.63 ,$47.77 ,$48.48 ,33188440
5/24/2017,$47.65 ,$47.75 ,$47.48 ,$47.75 ,20628160
5/23/2017,$47.40 ,$47.57 ,$47.13 ,$47.44 ,25388760
5/22/2017,$46.75 ,$47.09 ,$46.75 ,$47.09 ,22369120
5/19/2017,$46.57 ,$46.89 ,$46.55 ,$46.70 ,27796960
5/18/2017,$46.05 ,$46.66 ,$45.94 ,$46.51 ,31921160
5/17/2017,$46.78 ,$46.97 ,$45.91 ,$45.98 ,47158440
5/16/2017,$47.00 ,$47.16 ,$46.88 ,$47.15 ,19365760
5/15/2017,$46.65 ,$46.91 ,$46.47 ,$46.85 ,22091900
5/12/2017,$46.58 ,$46.67 ,$46.39 ,$46.61 ,21007540
5/11/2017,$46.27 ,$46.63 ,$46.15 ,$46.53 ,16699940
5/10/2017,$46.60 ,$46.60 ,$46.26 ,$46.44 ,23477740
5/9/2017,$46.85 ,$46.88 ,$46.48 ,$46.61 ,31624720
5/8/2017,$46.31 ,$46.85 ,$46.26 ,$46.72 ,26577700
5/5/2017,$46.68 ,$46.75 ,$46.26 ,$46.36 ,38206340
5/4/2017,$46.30 ,$46.80 ,$46.23 ,$46.58 ,28438760
5/3/2017,$45.74 ,$46.41 ,$45.63 ,$46.35 ,29951300
5/2/2017,$45.48 ,$46.04 ,$45.47 ,$45.82 ,30873920
5/1/2017,$45.10 ,$45.78 ,$45.07 ,$45.63 ,42292580
4/28/2017,$45.53 ,$45.84 ,$45.29 ,$45.30 ,64477000
4/27/2017,$43.68 ,$43.77 ,$43.52 ,$43.71 ,40190180
4/26/2017,$43.71 ,$43.80 ,$43.39 ,$43.59 ,24674480
4/25/2017,$43.25 ,$43.75 ,$43.14 ,$43.62 ,33401900
4/24/2017,$42.56 ,$43.17 ,$42.49 ,$43.14 ,27434440
4/21/2017,$42.14 ,$42.19 ,$42.03 ,$42.16 ,26467280
4/20/2017,$42.07 ,$42.26 ,$41.97 ,$42.08 ,19159880
4/19/2017,$41.99 ,$42.11 ,$41.81 ,$41.91 ,19086480
4/18/2017,$41.71 ,$41.95 ,$41.64 ,$41.84 ,16708660
4/17/2017,$41.25 ,$41.89 ,$41.22 ,$41.86 ,17890800
4/13/2017,$41.11 ,$41.32 ,$41.07 ,$41.18 ,22364420
4/12/2017,$41.10 ,$41.33 ,$41.05 ,$41.22 ,18001180
4/11/2017,$41.24 ,$41.37 ,$40.85 ,$41.17 ,21579020
4/10/2017,$41.27 ,$41.47 ,$41.19 ,$41.24 ,19576500
4/7/2017,$41.40 ,$41.42 ,$41.03 ,$41.23 ,21133840
4/6/2017,$41.62 ,$41.82 ,$41.32 ,$41.39 ,25084700
4/5/2017,$41.78 ,$42.12 ,$41.54 ,$41.57 ,31063260
4/4/2017,$41.57 ,$41.76 ,$41.45 ,$41.73 ,20889100
4/3/2017,$41.46 ,$42.04 ,$41.46 ,$41.93 ,33406980
3/31/2017,$41.45 ,$41.58 ,$41.37 ,$41.48 ,28035120
3/30/2017,$41.68 ,$41.68 ,$41.45 ,$41.58 ,21105260
3/29/2017,$41.25 ,$41.64 ,$41.12 ,$41.57 ,35700120
3/28/2017,$41.02 ,$41.30 ,$40.70 ,$41.05 ,32410640
3/27/2017,$40.35 ,$41.08 ,$40.17 ,$40.98 ,37894700
3/24/2017,$41.00 ,$41.10 ,$40.44 ,$40.72 ,39608300
3/23/2017,$41.05 ,$41.13 ,$40.61 ,$40.88 ,69707800
3/22/2017,$41.60 ,$41.78 ,$41.36 ,$41.48 ,27988180
3/21/2017,$42.57 ,$42.68 ,$41.45 ,$41.52 ,49227500
3/20/2017,$42.50 ,$42.51 ,$42.26 ,$42.42 ,24351200
3/17/2017,$42.58 ,$42.67 ,$42.36 ,$42.61 ,34247940
3/16/2017,$42.45 ,$42.54 ,$42.31 ,$42.44 ,19547680
3/15/2017,$42.38 ,$42.43 ,$42.04 ,$42.36 ,27626560
3/14/2017,$42.18 ,$42.36 ,$42.04 ,$42.28 ,15598400
3/13/2017,$42.20 ,$42.43 ,$42.16 ,$42.28 ,22998560
3/10/2017,$42.16 ,$42.25 ,$41.98 ,$42.16 ,34054620
3/9/2017,$41.80 ,$42.10 ,$41.71 ,$41.93 ,25227860
3/8/2017,$41.68 ,$41.91 ,$41.59 ,$41.77 ,19778000
3/7/2017,$41.37 ,$41.67 ,$41.33 ,$41.60 ,20751460
3/6/2017,$41.35 ,$41.44 ,$41.12 ,$41.39 ,22175980
3/3/2017,$41.53 ,$41.57 ,$41.29 ,$41.45 ,17812800
3/2/2017,$41.69 ,$41.73 ,$41.48 ,$41.53 ,18756480
3/1/2017,$41.44 ,$41.81 ,$41.36 ,$41.76 ,29918680
2/28/2017,$41.28 ,$41.43 ,$41.01 ,$41.16 ,45173900
2/27/2017,$41.23 ,$41.53 ,$41.20 ,$41.46 ,22022400
2/24/2017,$41.39 ,$41.45 ,$41.21 ,$41.43 ,27840780
2/23/2017,$41.51 ,$41.62 ,$41.14 ,$41.57 ,29426840
2/22/2017,$41.43 ,$41.66 ,$41.43 ,$41.54 ,19661160
2/21/2017,$41.43 ,$41.67 ,$41.42 ,$41.58 ,25196820
2/17/2017,$41.15 ,$41.40 ,$41.08 ,$41.40 ,32050980
2/16/2017,$41.00 ,$41.22 ,$40.95 ,$41.21 ,25718380
2/15/2017,$40.97 ,$41.15 ,$40.92 ,$40.95 ,26226320
2/14/2017,$40.95 ,$41.15 ,$40.80 ,$41.02 ,21089440
2/13/2017,$40.80 ,$41.05 ,$40.77 ,$40.96 ,24116700
2/10/2017,$40.59 ,$40.76 ,$40.49 ,$40.68 ,22694020
2/9/2017,$40.48 ,$40.53 ,$40.23 ,$40.48 ,19805200
2/8/2017,$40.35 ,$40.59 ,$40.16 ,$40.42 ,23117840
2/7/2017,$40.20 ,$40.53 ,$40.09 ,$40.35 ,24805140
2/6/2017,$39.99 ,$40.08 ,$39.76 ,$40.07 ,23657640
2/3/2017,$40.15 ,$40.30 ,$40.02 ,$40.07 ,29224340
2/2/2017,$39.69 ,$40.14 ,$39.60 ,$39.93 ,30616540
2/1/2017,$39.98 ,$40.06 ,$39.56 ,$39.78 ,40554160
1/31/2017,$39.84 ,$40.06 ,$39.53 ,$39.84 ,43079140
1/30/2017,$40.73 ,$40.79 ,$39.99 ,$40.12 ,64871360
1/27/2017,$41.74 ,$42.10 ,$41.02 ,$41.17 ,59299780
1/26/2017,$41.89 ,$41.90 ,$41.35 ,$41.61 ,58892840
1/25/2017,$41.48 ,$41.79 ,$41.25 ,$41.78 ,32257080
1/24/2017,$41.12 ,$41.30 ,$40.89 ,$41.19 ,29444560
1/23/2017,$40.36 ,$41.04 ,$40.19 ,$40.97 ,39250120
1/20/2017,$40.35 ,$40.35 ,$40.08 ,$40.25 ,33372760
1/19/2017,$40.26 ,$40.47 ,$40.09 ,$40.11 ,18341700
1/18/2017,$40.29 ,$40.31 ,$40.05 ,$40.30 ,25877860
1/17/2017,$40.35 ,$40.36 ,$40.02 ,$40.23 ,27238700
1/13/2017,$40.37 ,$40.56 ,$40.33 ,$40.39 ,21963080
1/12/2017,$40.36 ,$40.37 ,$39.96 ,$40.32 ,27057440
1/11/2017,$40.25 ,$40.41 ,$40.07 ,$40.40 ,21307200
1/10/2017,$40.39 ,$40.46 ,$40.18 ,$40.24 ,23532740
1/9/2017,$40.32 ,$40.50 ,$40.14 ,$40.33 ,25486360
1/6/2017,$39.76 ,$40.40 ,$39.61 ,$40.31 ,32784920
1/5/2017,$39.30 ,$39.72 ,$39.25 ,$39.70 ,26680560
1/4/2017,$39.42 ,$39.57 ,$39.16 ,$39.35 ,21423960
1/3/2017,$38.94 ,$39.48 ,$38.79 ,$39.31 ,33145820
12/30/2016,$39.14 ,$39.14 ,$38.52 ,$38.59 ,35396180
12/29/2016,$39.17 ,$39.30 ,$38.95 ,$39.14 ,14876160
12/28/2016,$39.69 ,$39.71 ,$39.16 ,$39.25 ,22842960
12/27/2016,$39.53 ,$39.89 ,$39.38 ,$39.58 ,15783020
12/23/2016,$39.55 ,$39.64 ,$39.36 ,$39.50 ,12473640
12/22/2016,$39.62 ,$39.67 ,$39.43 ,$39.56 ,19442940
12/21/2016,$39.79 ,$39.83 ,$39.36 ,$39.73 ,24175400
12/20/2016,$39.84 ,$39.93 ,$39.66 ,$39.82 ,19006900
12/19/2016,$39.51 ,$39.88 ,$39.31 ,$39.71 ,24639320
12/16/2016,$40.02 ,$40.04 ,$39.51 ,$39.54 ,48702000
12/15/2016,$39.87 ,$40.15 ,$39.65 ,$39.89 ,32474180
12/14/2016,$39.87 ,$40.20 ,$39.70 ,$39.85 ,34017500
12/13/2016,$39.70 ,$40.22 ,$39.67 ,$39.81 ,42454700
12/12/2016,$39.25 ,$39.56 ,$39.22 ,$39.46 ,42045760
12/9/2016,$39.00 ,$39.47 ,$38.95 ,$39.46 ,36422920
12/8/2016,$38.62 ,$38.91 ,$38.36 ,$38.82 ,29750340
12/7/2016,$38.05 ,$38.57 ,$37.79 ,$38.56 ,35154200
12/6/2016,$38.24 ,$38.44 ,$37.87 ,$37.96 ,33807300
12/5/2016,$37.89 ,$38.20 ,$37.65 ,$38.13 ,27871320
12/2/2016,$37.23 ,$37.70 ,$37.16 ,$37.53 ,29043620
12/1/2016,$37.87 ,$37.99 ,$36.85 ,$37.40 ,60340020
11/30/2016,$38.50 ,$38.65 ,$37.74 ,$37.90 ,47732560
11/29/2016,$38.58 ,$38.93 ,$38.41 ,$38.54 ,32328540
11/28/2016,$38.00 ,$38.98 ,$37.99 ,$38.41 ,43540780
11/25/2016,$38.21 ,$38.25 ,$38.03 ,$38.08 ,11748420
11/23/2016,$38.39 ,$38.41 ,$37.76 ,$38.05 ,29550020
11/22/2016,$38.63 ,$38.85 ,$38.35 ,$38.41 ,31847440
11/21/2016,$38.13 ,$38.49 ,$38.03 ,$38.46 ,26488620
11/18/2016,$38.57 ,$38.75 ,$38.00 ,$38.03 ,30571100
11/17/2016,$38.35 ,$38.64 ,$38.21 ,$38.56 ,25969680
11/16/2016,$37.76 ,$38.32 ,$37.53 ,$38.22 ,29363920
11/15/2016,$37.35 ,$38.22 ,$37.35 ,$37.92 ,47501120
11/14/2016,$37.78 ,$37.89 ,$36.38 ,$36.80 ,72899300
11/11/2016,$37.83 ,$38.04 ,$37.52 ,$37.70 ,48437780
11/10/2016,$39.56 ,$39.56 ,$37.61 ,$38.13 ,94678320
11/9/2016,$39.00 ,$39.56 ,$38.58 ,$39.27 ,52077200
11/8/2016,$39.17 ,$39.78 ,$39.01 ,$39.53 ,27229440
11/7/2016,$38.73 ,$39.26 ,$38.63 ,$39.13 ,31488520
11/4/2016,$37.53 ,$38.52 ,$37.53 ,$38.10 ,42638960
11/3/2016,$38.36 ,$38.50 ,$37.95 ,$38.11 ,38678740
11/2/2016,$38.91 ,$39.08 ,$38.17 ,$38.44 ,38116280
11/1/2016,$39.14 ,$39.47 ,$38.78 ,$39.18 ,48097960
10/31/2016,$39.77 ,$39.84 ,$39.20 ,$39.23 ,48417840
10/28/2016,$40.42 ,$40.77 ,$39.68 ,$39.77 ,85238240
10/27/2016,$40.05 ,$40.17 ,$39.58 ,$39.77 ,54461940
10/26/2016,$40.32 ,$40.35 ,$39.82 ,$39.95 ,32908060
10/25/2016,$40.83 ,$40.83 ,$40.26 ,$40.38 ,31500400
10/24/2016,$40.25 ,$40.76 ,$40.24 ,$40.66 ,33863240
10/21/2016,$39.75 ,$39.98 ,$39.70 ,$39.97 ,25240840
10/20/2016,$40.17 ,$40.20 ,$39.80 ,$39.85 ,35110920
10/19/2016,$39.94 ,$40.23 ,$39.88 ,$40.08 ,35259800
10/18/2016,$39.39 ,$40.08 ,$39.28 ,$39.76 ,40926760
10/17/2016,$38.99 ,$39.29 ,$38.88 ,$39.00 ,21830480
10/14/2016,$39.08 ,$39.20 ,$38.80 ,$38.93 ,17030240
10/13/2016,$39.06 ,$39.06 ,$38.65 ,$38.91 ,27212380
10/12/2016,$39.19 ,$39.41 ,$39.10 ,$39.31 ,18702760
10/11/2016,$39.33 ,$39.61 ,$39.03 ,$39.15 ,27429220
10/10/2016,$38.89 ,$39.47 ,$38.79 ,$39.30 ,23228200
10/7/2016,$38.98 ,$38.98 ,$38.54 ,$38.75 ,18648880
10/6/2016,$38.95 ,$39.02 ,$38.78 ,$38.84 ,21338200
10/5/2016,$38.97 ,$39.10 ,$38.78 ,$38.82 ,29153220
10/4/2016,$38.80 ,$38.94 ,$38.64 ,$38.82 ,23967220
10/3/2016,$38.71 ,$38.80 ,$38.48 ,$38.63 ,25532280
9/30/2016,$38.82 ,$39.05 ,$38.70 ,$38.86 ,31665860
9/29/2016,$39.07 ,$39.29 ,$38.71 ,$38.75 ,26205040
9/28/2016,$38.89 ,$39.09 ,$38.75 ,$39.08 ,22164980
9/27/2016,$38.78 ,$39.30 ,$38.72 ,$39.15 ,23055200
9/26/2016,$39.14 ,$39.14 ,$38.65 ,$38.71 ,30635760
9/23/2016,$39.33 ,$39.45 ,$39.21 ,$39.35 ,28228780
9/22/2016,$39.00 ,$39.49 ,$38.92 ,$39.36 ,29677980
9/21/2016,$38.63 ,$38.86 ,$38.42 ,$38.81 ,23325800
9/20/2016,$38.45 ,$38.67 ,$38.43 ,$38.57 ,19508680
9/19/2016,$38.62 ,$38.70 ,$38.22 ,$38.29 ,23439380
9/16/2016,$38.49 ,$38.49 ,$38.23 ,$38.44 ,40940720
9/15/2016,$38.14 ,$38.69 ,$38.00 ,$38.59 ,26898900
9/14/2016,$37.98 ,$38.38 ,$37.96 ,$38.12 ,21874460
9/13/2016,$38.22 ,$38.31 ,$37.79 ,$37.98 ,27883160
9/12/2016,$37.76 ,$38.51 ,$37.70 ,$38.45 ,26209860
9/9/2016,$38.51 ,$38.66 ,$37.98 ,$37.98 ,37598060
9/8/2016,$38.93 ,$39.02 ,$38.68 ,$38.77 ,25373260
9/7/2016,$39.00 ,$39.14 ,$38.81 ,$39.02 ,17877480
9/6/2016,$38.67 ,$39.10 ,$38.55 ,$39.00 ,28837280
9/2/2016,$38.65 ,$38.70 ,$38.42 ,$38.57 ,21414500
9/1/2016,$38.46 ,$38.55 ,$38.22 ,$38.44 ,18500380
8/31/2016,$38.35 ,$38.45 ,$38.27 ,$38.35 ,24958740
8/30/2016,$38.47 ,$38.72 ,$38.34 ,$38.45 ,22598640
8/29/2016,$38.44 ,$38.75 ,$38.33 ,$38.61 ,16950740
8/26/2016,$38.45 ,$38.80 ,$38.29 ,$38.48 ,23294260
8/25/2016,$38.35 ,$38.59 ,$38.16 ,$38.47 ,18537120
8/24/2016,$38.53 ,$38.73 ,$38.35 ,$38.48 ,21431380
8/23/2016,$38.77 ,$38.82 ,$38.59 ,$38.60 ,18507120
8/22/2016,$38.66 ,$38.73 ,$38.50 ,$38.61 ,19008340
8/19/2016,$38.75 ,$38.86 ,$38.66 ,$38.77 ,17217980
8/18/2016,$39.00 ,$39.14 ,$38.85 ,$38.88 ,14377640
8/17/2016,$38.87 ,$39.04 ,$38.68 ,$39.00 ,18433320
8/16/2016,$39.02 ,$39.05 ,$38.67 ,$38.86 ,20556720
8/15/2016,$39.19 ,$39.37 ,$39.01 ,$39.12 ,18763660
8/12/2016,$39.08 ,$39.17 ,$39.02 ,$39.16 ,14795220
8/11/2016,$39.25 ,$39.49 ,$39.15 ,$39.24 ,19434840
8/10/2016,$39.19 ,$39.34 ,$39.14 ,$39.23 ,15691180
8/9/2016,$39.06 ,$39.45 ,$39.03 ,$39.21 ,26369140
8/8/2016,$39.10 ,$39.13 ,$38.90 ,$39.09 ,22133860
8/5/2016,$38.69 ,$39.15 ,$38.62 ,$39.11 ,35989560
8/4/2016,$38.61 ,$38.70 ,$38.44 ,$38.58 ,22799440
8/3/2016,$38.36 ,$38.66 ,$38.34 ,$38.66 ,25663720
8/2/2016,$38.43 ,$38.79 ,$38.39 ,$38.55 ,35656440
8/1/2016,$38.05 ,$39.02 ,$38.05 ,$38.64 ,53953980
7/29/2016,$38.64 ,$38.93 ,$38.34 ,$38.44 ,76602060
7/28/2016,$37.35 ,$37.43 ,$36.97 ,$37.30 ,69460800
7/27/2016,$36.91 ,$37.22 ,$36.85 ,$37.09 ,30182660
7/26/2016,$36.95 ,$37.08 ,$36.71 ,$36.92 ,23659860
7/25/2016,$37.03 ,$37.13 ,$36.88 ,$36.99 ,20632860
7/22/2016,$37.09 ,$37.16 ,$36.83 ,$37.14 ,25134820
7/21/2016,$37.02 ,$37.08 ,$36.79 ,$36.93 ,20444580
7/20/2016,$36.87 ,$37.11 ,$36.86 ,$37.06 ,25678620
7/19/2016,$36.49 ,$36.85 ,$36.45 ,$36.85 ,24509340
7/18/2016,$36.14 ,$36.81 ,$36.06 ,$36.69 ,25694800
7/15/2016,$36.29 ,$36.29 ,$35.95 ,$35.99 ,25550280
7/14/2016,$36.08 ,$36.11 ,$35.90 ,$36.05 ,18989120
7/13/2016,$36.18 ,$36.20 ,$35.84 ,$35.85 ,18667040
7/12/2016,$35.96 ,$36.15 ,$35.80 ,$36.03 ,26722240
7/11/2016,$35.40 ,$35.83 ,$35.36 ,$35.75 ,22140780
7/8/2016,$34.98 ,$35.29 ,$34.82 ,$35.28 ,31478180
7/7/2016,$34.90 ,$34.91 ,$34.41 ,$34.77 ,26073220
7/6/2016,$34.50 ,$35.08 ,$34.45 ,$34.89 ,28221600
7/5/2016,$34.80 ,$34.85 ,$34.44 ,$34.72 ,29257580
7/1/2016,$34.61 ,$35.03 ,$34.61 ,$34.96 ,26887740
6/30/2016,$34.27 ,$34.62 ,$34.18 ,$34.61 ,31945960
6/29/2016,$34.15 ,$34.37 ,$34.07 ,$34.21 ,38628720
6/28/2016,$33.95 ,$34.02 ,$33.65 ,$34.00 ,43394080
6/27/2016,$33.55 ,$33.62 ,$33.16 ,$33.41 ,52640220
6/24/2016,$33.76 ,$34.47 ,$33.67 ,$33.76 ,88858860
6/23/2016,$34.87 ,$35.10 ,$34.35 ,$35.09 ,43323660
6/22/2016,$34.95 ,$35.04 ,$34.65 ,$34.87 ,23643220
